image,video_path,title,duration,views,date_posted,title_lower,series,error,days_since_posted,views_int,duration_sec,duration_min
https://i.ytimg.com/vi/cw0A9FUTEKE/hqdefault.jpg?sqp=-oaymwEZCPYBEIoBSFXyq4qpAwsIARUAAIhCGAFwAQ==&rs=AOn4CLBY4adwHkvob6Fyg7k60m1c7xeBkA,/watch?v=cw0A9FUTEKE,The Truth About 5G ft. MKBHD,      13:39    ,569K ,3 weeks ago,the truth about 5g ft. mkbhd,None,True,21,56900000,689,11.48
https://i.ytimg.com/vi/PI3hne8C8rU/hqdefault.jpg?sqp=-oaymwEZCPYBEIoBSFXyq4qpAwsIARUAAIhCGAFwAQ==&rs=AOn4CLDK1cCftMWcDjBF9eljy6pEx_kQGw,/watch?v=PI3hne8C8rU,The Teeth Song (Memorize Every Tooth),      4:18    ,265K ,1 month ago,the teeth song (memorize every tooth),None,True,1,26500000,218,3.63
https://i.ytimg.com/vi/yWUHQaeTf9U/hqdefault.jpg?sqp=-oaymwEZCPYBEIoBSFXyq4qpAwsIARUAAIhCGAFwAQ==&rs=AOn4CLBZXREskUM0MRW3fgZH3J052ePgFA,/watch?v=yWUHQaeTf9U,Are Young People Safe? | Coronavirus,      7:10    ,440K ,1 month ago,are young people safe? | coronavirus, Coronavirus,False,1,44000000,360,6.0
https://i.ytimg.com/vi/p0Su-xQHffM/hqdefault.jpg?sqp=-oaymwEZCPYBEIoBSFXyq4qpAwsIARUAAIhCGAFwAQ==&rs=AOn4CLB3Gs9unShbZyKg4Utl9amHRXvzIA,/watch?v=p0Su-xQHffM,Is Hydroxychloroquine The New Coronavirus Cure? | COVID-19 Antivirals,      10:20    ,768K ,2 months ago,is hydroxychloroquine the new coronavirus cure? | covid-19 antivirals, COVID-19 Antivirals,False,2,76800000,520,8.67
https://i.ytimg.com/vi/SSuxVwMkcpA/hqdefault.jpg?sqp=-oaymwEZCPYBEIoBSFXyq4qpAwsIARUAAIhCGAFwAQ==&rs=AOn4CLAgX93pfKTjT20bNKf5l13sAjcppA,/watch?v=SSuxVwMkcpA,The Coronavirus Vaccine Explained | COVID-19,      10:40    ,2.1M ,2 months ago,the coronavirus vaccine explained | covid-19, COVID-19,False,2,2100000,540,9.0
https://i.ytimg.com/vi/oqtfqVsFaqc/hqdefault.jpg?sqp=-oaymwEZCPYBEIoBSFXyq4qpAwsIARUAAIhCGAFwAQ==&rs=AOn4CLASUJzfI04tTTs3hzMUI461tTjgkg,/watch?v=oqtfqVsFaqc,What Happens When There Is A Pandemic? | CORONAVIRUS,      7:12    ,1.8M ,3 months ago,what happens when there is a pandemic? | coronavirus, CORONAVIRUS,False,3,1800000,362,6.03
https://i.ytimg.com/vi/Y_B6VADhY84/hqdefault.jpg?sqp=-oaymwEZCPYBEIoBSFXyq4qpAwsIARUAAIhCGAFwAQ==&rs=AOn4CLCXoE6kBKbqWtrf3EKF692r8Hdc2A,/watch?v=Y_B6VADhY84,The ONLY 3 Study Hacks Everyone Should Know - Science Proven Techniques,      10:06    ,566K ,3 months ago,the only 3 study hacks everyone should know - science proven techniques,None,True,3,56600000,506,8.43
https://i.ytimg.com/vi/OTYfke545vI/hqdefault.jpg?sqp=-oaymwEZCPYBEIoBSFXyq4qpAwsIARUAAIhCGAFwAQ==&rs=AOn4CLCfh0qG5PR6gvsUkvt3SFSbTxf8Mw,/watch?v=OTYfke545vI,What Actually Happens If You Get Coronavirus?,      8:27    ,12M ,4 months ago,what actually happens if you get coronavirus?,None,True,4,12000000,427,7.12
https://i.ytimg.com/vi/js6uTRT8KO4/hqdefault.jpg?sqp=-oaymwEZCPYBEIoBSFXyq4qpAwsIARUAAIhCGAFwAQ==&rs=AOn4CLAipETDOfAiLOdoLXkvqHDcUe3mkA,/watch?v=js6uTRT8KO4,This is the First LIVING Robot and it's Unbelievable,      8:52    ,963K ,4 months ago,this is the first living robot and it's unbelievable,None,True,4,96300000,452,7.53
https://i.ytimg.com/vi/SUO18ePnqz4/hqdefault.jpg?sqp=-oaymwEZCPYBEIoBSFXyq4qpAwsIARUAAIhCGAFwAQ==&rs=AOn4CLCM3YSoe0j83sbpEC9xBOCZttXqlA,/watch?v=SUO18ePnqz4,Can Your Testicles Taste? (TikTok Trend),      6:11    ,332K ,4 months ago,can your testicles taste? (tiktok trend),None,True,4,33200000,311,5.18
https://i.ytimg.com/vi/XcH1D5m9exg/hqdefault.jpg?sqp=-oaymwEZCPYBEIoBSFXyq4qpAwsIARUAAIhCGAFwAQ==&rs=AOn4CLDNnmdH6ye40-Z5NSafVWAlduryKw,/watch?v=XcH1D5m9exg,This is Why Bad News Hijacks Your Brain,      4:29    ,228K ,4 months ago,this is why bad news hijacks your brain,None,True,4,22800000,229,3.82
https://i.ytimg.com/vi/jRdP6n1V2yU/hqdefault.jpg?sqp=-oaymwEZCPYBEIoBSFXyq4qpAwsIARUAAIhCGAFwAQ==&rs=AOn4CLCiO7HnCDPaC6KA70DuP2PwLsCUAw,/watch?v=jRdP6n1V2yU,The Australia Fires Will Actually Have This Impact,      4:15    ,515K ,5 months ago,the australia fires will actually have this impact,None,True,5,51500000,215,3.58
https://i.ytimg.com/vi/le4WaHyEkmA/hqdefault.jpg?sqp=-oaymwEZCPYBEIoBSFXyq4qpAwsIARUAAIhCGAFwAQ==&rs=AOn4CLBeR0YH93OKbHn0z9IoFkDQ0JPVTA,/watch?v=le4WaHyEkmA,The Biggest Science of the DECADE (2010-2019),      11:58    ,182K ,5 months ago,the biggest science of the decade (2010-2019),None,True,5,18200000,608,10.13
https://i.ytimg.com/vi/TwTWyCIGblM/hqdefault.jpg?sqp=-oaymwEZCPYBEIoBSFXyq4qpAwsIARUAAIhCGAFwAQ==&rs=AOn4CLDsv008a_QTW6O-HrZFko7fJszndA,/watch?v=TwTWyCIGblM,Why Is It Hard To Like Your Own Body?,      3:41    ,624K ,5 months ago,why is it hard to like your own body?,None,True,5,62400000,191,3.18
https://i.ytimg.com/vi/fuvbS7cdKbs/hqdefault.jpg?sqp=-oaymwEZCPYBEIoBSFXyq4qpAwsIARUAAIhCGAFwAQ==&rs=AOn4CLBW_qSpn19v8SSfwN0n3belsw4ATQ,/watch?v=fuvbS7cdKbs,What If You Sleep 2 Hours Less Every Night?,      3:47    ,807K ,6 months ago,what if you sleep 2 hours less every night?,None,True,6,80700000,197,3.28
https://i.ytimg.com/vi/TxpjebYBQuk/hqdefault.jpg?sqp=-oaymwEZCPYBEIoBSFXyq4qpAwsIARUAAIhCGAFwAQ==&rs=AOn4CLCc5woreJsGQRG3oOpHoexIW5dbcg,/watch?v=TxpjebYBQuk,We Wore our Plastic Waste IN PUBLIC for 7 Days - It Changed Our Lives,      13:55    ,139K ,6 months ago,we wore our plastic waste in public for 7 days - it changed our lives,None,True,6,13900000,705,11.75
https://i.ytimg.com/vi/9M29ns1rUSE/hqdefault.jpg?sqp=-oaymwEZCPYBEIoBSFXyq4qpAwsIARUAAIhCGAFwAQ==&rs=AOn4CLBLtGdwYCEFmDJBqIjpMQTbyKI_Uw,/watch?v=9M29ns1rUSE,How To Talk To Climate Change Deniers,      8:06    ,184K ,6 months ago,how to talk to climate change deniers,None,True,6,18400000,406,6.77
https://i.ytimg.com/vi/Qq9CQKNplpw/hqdefault.jpg?sqp=-oaymwEZCPYBEIoBSFXyq4qpAwsIARUAAIhCGAFwAQ==&rs=AOn4CLDrk9G1_eXqiRaRxzQPNVaEhgrXzw,/watch?v=Qq9CQKNplpw,What If You Made A Song With Only Trees?,      2:47    ,281K ,7 months ago,what if you made a song with only trees?,None,True,7,28100000,147,2.45
https://i.ytimg.com/vi/ulEH4Mw8Bd0/hqdefault.jpg?sqp=-oaymwEZCPYBEIoBSFXyq4qpAwsIARUAAIhCGAFwAQ==&rs=AOn4CLAg_48JC6HQ6x0FEYfhW_rTbSERyw,/watch?v=ulEH4Mw8Bd0,"We became James Charles, Casey Neistat AND Jeffree Star.",      12:40    ,256K ,7 months ago,"we became james charles, casey neistat and jeffree star.",None,True,7,25600000,640,10.67
https://i.ytimg.com/vi/SrKCAwHpkMA/hqdefault.jpg?sqp=-oaymwEZCPYBEIoBSFXyq4qpAwsIARUAAIhCGAFwAQ==&rs=AOn4CLCgBPUXqnai-g9aW1mArM-nDP995w,/watch?v=SrKCAwHpkMA,Dear Smokers,      4:25    ,691K ,8 months ago,dear smokers,None,True,8,69100000,225,3.75
https://i.ytimg.com/vi/z30Wkbc8W_M/hqdefault.jpg?sqp=-oaymwEZCPYBEIoBSFXyq4qpAwsIARUAAIhCGAFwAQ==&rs=AOn4CLAHo3wko8eGWGTXRI4R2V42K9yoEA,/watch?v=z30Wkbc8W_M,We Stayed Awake For 36 Hours And It Changed Our Faces,      11:41    ,1.6M ,8 months ago,we stayed awake for 36 hours and it changed our faces,None,True,8,1600000,591,9.85
https://i.ytimg.com/vi/YvZdXRP6Tig/hqdefault.jpg?sqp=-oaymwEZCPYBEIoBSFXyq4qpAwsIARUAAIhCGAFwAQ==&rs=AOn4CLC7IYSUmZIPaengWjqXioTprtcl7A,/watch?v=YvZdXRP6Tig,Why You Shouldn’t Fear Death,      8:29    ,1M ,11 months ago,why you shouldn’t fear death,None,True,1,1000000,429,7.15
https://i.ytimg.com/vi/7lyLZyePlXs/hqdefault.jpg?sqp=-oaymwEZCPYBEIoBSFXyq4qpAwsIARUAAIhCGAFwAQ==&rs=AOn4CLD1gjeEgFBUcjN5NiQYhlGlMFxBAA,/watch?v=7lyLZyePlXs,What If We Just Burned All Our Trash?,      6:59    ,630K ,11 months ago,what if we just burned all our trash?,None,True,1,63000000,359,5.98
https://i.ytimg.com/vi/EiYm20F9WXU/hqdefault.jpg?sqp=-oaymwEZCPYBEIoBSFXyq4qpAwsIARUAAIhCGAFwAQ==&rs=AOn4CLBbBaB7bZbnBGEpQWJICRdlI88xrA,/watch?v=EiYm20F9WXU,How To Fall Asleep In 2 Minutes,      7:50    ,21M ,1 year ago,how to fall asleep in 2 minutes,None,True,365,21000000,400,6.67
https://i.ytimg.com/vi/ETJs5moej9M/hqdefault.jpg?sqp=-oaymwEZCPYBEIoBSFXyq4qpAwsIARUAAIhCGAFwAQ==&rs=AOn4CLBASeE6pzUjuhbFxLuv_o1IRTMNRg,/watch?v=ETJs5moej9M,What if you never took off your Apple AirPods Pro?,      5:21    ,4.9M ,1 year ago,what if you never took off your apple airpods pro?,None,True,365,4900000,271,4.52
https://i.ytimg.com/vi/tfVgHRPC7Ao/hqdefault.jpg?sqp=-oaymwEZCPYBEIoBSFXyq4qpAwsIARUAAIhCGAFwAQ==&rs=AOn4CLDCvMCnx7Z0QkBdC0_2RmGY6e6uNg,/watch?v=tfVgHRPC7Ao,The real reason conspiracy theories work,      8:52    ,780K ,1 year ago,the real reason conspiracy theories work,None,True,365,78000000,452,7.53
https://i.ytimg.com/vi/U5WvH_UylBU/hqdefault.jpg?sqp=-oaymwEZCPYBEIoBSFXyq4qpAwsIARUAAIhCGAFwAQ==&rs=AOn4CLC38F3338TewmfZ3uFGwukug9-PYQ,/watch?v=U5WvH_UylBU,"If ""A Star Is Born"" was literally about a star being born (Lady Gaga Shallow Parody)",      3:40    ,1.1M ,1 year ago,"if ""a star is born"" was literally about a star being born (lady gaga shallow parody)",None,True,365,1100000,190,3.17
https://i.ytimg.com/vi/1g08KdecSDY/hqdefault.jpg?sqp=-oaymwEZCPYBEIoBSFXyq4qpAwsIARUAAIhCGAFwAQ==&rs=AOn4CLDQOMz-h6se4zcP5WDQ_Czfyer3xg,/watch?v=1g08KdecSDY,The Real Reason Planes Crash | Boeing 737 Max 8,      5:08    ,485K ,1 year ago,the real reason planes crash | boeing 737 max 8, Boeing 737 Max 8,False,365,48500000,258,4.3
https://i.ytimg.com/vi/TbW_1MtC2So/hqdefault.jpg?sqp=-oaymwEZCPYBEIoBSFXyq4qpAwsIARUAAIhCGAFwAQ==&rs=AOn4CLBtjo-F-G9jhyqsxfuOyDUtDW2RDA,/watch?v=TbW_1MtC2So,The Biggest Lie About Climate Change,      9:03    ,1.3M ,1 year ago,the biggest lie about climate change,None,True,365,1300000,453,7.55
https://i.ytimg.com/vi/7dFHOi3-enA/hqdefault.jpg?sqp=-oaymwEZCPYBEIoBSFXyq4qpAwsIARUAAIhCGAFwAQ==&rs=AOn4CLANCxjVPzIkq9PAXEoApTdx_HKOQw,/watch?v=7dFHOi3-enA,Should You Get Lip Fillers?,      2:17    ,335K ,1 year ago,should you get lip fillers?,None,True,365,33500000,117,1.95
https://i.ytimg.com/vi/AdrnN3A79yc/hqdefault.jpg?sqp=-oaymwEZCPYBEIoBSFXyq4qpAwsIARUAAIhCGAFwAQ==&rs=AOn4CLDca661HuD85tvlH0wDDNwleKjN4Q,/watch?v=AdrnN3A79yc,How To Cram For Your Exam (Scientific Tips),      5:39    ,953K ,1 year ago,how to cram for your exam (scientific tips),None,True,365,95300000,289,4.82
https://i.ytimg.com/vi/vBS-u4_BytM/hqdefault.jpg?sqp=-oaymwEZCPYBEIoBSFXyq4qpAwsIARUAAIhCGAFwAQ==&rs=AOn4CLCxSuTYV8ifrflRk9OIsUqgQp5_iQ,/watch?v=vBS-u4_BytM,This Will Most Likely Kill You,      4:01    ,1.2M ,1 year ago,this will most likely kill you,None,True,365,1200000,201,3.35
https://i.ytimg.com/vi/n8_QERLOu40/hqdefault.jpg?sqp=-oaymwEZCPYBEIoBSFXyq4qpAwsIARUAAIhCGAFwAQ==&rs=AOn4CLAM_b3oBVQB0VyueSSAImKSeWer8g,/watch?v=n8_QERLOu40,How To Get Over Your Ex,      3:47    ,733K ,1 year ago,how to get over your ex,None,True,365,73300000,197,3.28
https://i.ytimg.com/vi/GfyS3Q5ATbE/hqdefault.jpg?sqp=-oaymwEZCPYBEIoBSFXyq4qpAwsIARUAAIhCGAFwAQ==&rs=AOn4CLBcFSB5LjTtI9-4yGRFTzW1hjcETg,/watch?v=GfyS3Q5ATbE,Are You Capable of Murder?,      4:55    ,1.3M ,1 year ago,are you capable of murder?,None,True,365,1300000,255,4.25
https://i.ytimg.com/vi/Oj5hAazXcs8/hqdefault.jpg?sqp=-oaymwEZCPYBEIoBSFXyq4qpAwsIARUAAIhCGAFwAQ==&rs=AOn4CLAMXviUE12SGXHxLaVxf4YXpcnAyg,/watch?v=Oj5hAazXcs8,What Happens When You Freeze To Death?,      4:10    ,1.3M ,1 year ago,what happens when you freeze to death?,None,True,365,1300000,210,3.5
https://i.ytimg.com/vi/KSdU5B_fdVo/hqdefault.jpg?sqp=-oaymwEZCPYBEIoBSFXyq4qpAwsIARUAAIhCGAFwAQ==&rs=AOn4CLB7_QnRqcGo6knWQ7IARdcOc5U5XA,/watch?v=KSdU5B_fdVo,Will This Trick Your Mind? (Artificial Intelligence TEST),      4:19    ,1.8M ,1 year ago,will this trick your mind? (artificial intelligence test),None,True,365,1800000,219,3.65
https://i.ytimg.com/vi/w7foLl3Z-ts/hqdefault.jpg?sqp=-oaymwEZCPYBEIoBSFXyq4qpAwsIARUAAIhCGAFwAQ==&rs=AOn4CLBf4s97AbCDkeIprzaGDrKV8XPZQg,/watch?v=w7foLl3Z-ts,Dear Jake Paul,      5:51    ,1.3M ,1 year ago,dear jake paul,None,True,365,1300000,301,5.02
https://i.ytimg.com/vi/pX3U1pcbp24/hqdefault.jpg?sqp=-oaymwEZCPYBEIoBSFXyq4qpAwsIARUAAIhCGAFwAQ==&rs=AOn4CLAldbCd1cCFhztlWAIEpiTPTPWddQ,/watch?v=pX3U1pcbp24,What Can You Buy With 5.7 Billion Dollars? (Trump's Wall Cost),      2:23    ,1.1M ,1 year ago,what can you buy with 5.7 billion dollars? (trump's wall cost),None,True,365,1100000,123,2.05
https://i.ytimg.com/vi/lqriCSSsMiA/hqdefault.jpg?sqp=-oaymwEZCPYBEIoBSFXyq4qpAwsIARUAAIhCGAFwAQ==&rs=AOn4CLCXMtkc2yDlxUBd6Gc_b_k3-UZp-w,/watch?v=lqriCSSsMiA,What If You Stopped Brushing Your Teeth Forever?,      2:58    ,1.3M ,1 year ago,what if you stopped brushing your teeth forever?,None,True,365,1300000,158,2.63
https://i.ytimg.com/vi/2JOwhd7SgBo/hqdefault.jpg?sqp=-oaymwEZCPYBEIoBSFXyq4qpAwsIARUAAIhCGAFwAQ==&rs=AOn4CLD2sHIDjNph_xnMbGFszG-nE_gMlw,/watch?v=2JOwhd7SgBo,This Is Why The Holidays Can Suck!,      2:51    ,486K ,1 year ago,this is why the holidays can suck!,None,True,365,48600000,151,2.52
,/watch?v=m-vJc1olyec,Breathin - Ariana Grande SCIENCE Acapella,      2:42    ,1M ,1 year ago,breathin - ariana grande science acapella,None,True,365,1000000,142,2.37
,/watch?v=3Xpc0ny2xEI,What If You Are Stressed Everyday?,      2:30    ,667K ,1 year ago,what if you are stressed everyday?,None,True,365,66700000,130,2.17
,/watch?v=-Omnk3C-1YA,What If You Only Ate Chips?,      3:13    ,1.3M ,1 year ago,what if you only ate chips?,None,True,365,1300000,163,2.72
,/watch?v=7HH7uCfBw0k,Stoned Girl Tries To Explain the Digestive System | STONED SCIENCE,      4:33    ,258K ,1 year ago,stoned girl tries to explain the digestive system | stoned science, STONED SCIENCE,False,365,25800000,233,3.88
,/watch?v=vKXVtdkmZbs,Smoking vs Juuling,      4:07    ,4.2M ,1 year ago,smoking vs juuling,None,True,365,4200000,207,3.45
https://i.ytimg.com/vi/ySDrZsiTgYA/hqdefault.jpg?sqp=-oaymwEZCPYBEIoBSFXyq4qpAwsIARUAAIhCGAFwAQ==&rs=AOn4CLAbbS06hKFRPZIYHzftuzqj_p974w,/watch?v=ySDrZsiTgYA,Sibling DNA Test Results! | Was I Adopted??,      9:03    ,1.1M ,1 year ago,sibling dna test results! | was i adopted??, Was I Adopted??,False,365,1100000,453,7.55
https://i.ytimg.com/vi/rBWImda1Zig/hqdefault.jpg?sqp=-oaymwEZCPYBEIoBSFXyq4qpAwsIARUAAIhCGAFwAQ==&rs=AOn4CLAk_1KejAsoRINFB0iY-qQR_aacow,/watch?v=rBWImda1Zig,The Science of Racism | Creators for Change,      6:17    ,1.1M ,1 year ago,the science of racism | creators for change, Creators for Change,False,365,1100000,317,5.28
https://i.ytimg.com/vi/1iIENII-lVo/hqdefault.jpg?sqp=-oaymwEZCPYBEIoBSFXyq4qpAwsIARUAAIhCGAFwAQ==&rs=AOn4CLCfsKQiQDMwj3uwDeT7JBx7zwU8zw,/watch?v=1iIENII-lVo,THC vs CBD: What's In Your Weed?,      4:00    ,4.4M ,1 year ago,thc vs cbd: what's in your weed?,None,True,365,4400000,200,3.33
https://i.ytimg.com/vi/Pz0g5VA3pF0/hqdefault.jpg?sqp=-oaymwEZCPYBEIoBSFXyq4qpAwsIARUAAIhCGAFwAQ==&rs=AOn4CLCr2sz1igSVN6HdHvqeNaUgK953Rw,/watch?v=Pz0g5VA3pF0,Two Stoned Comedians Explain the Respiratory System | STONED SCIENCE,      6:06    ,666K ,1 year ago,two stoned comedians explain the respiratory system | stoned science, STONED SCIENCE,False,365,66600000,306,5.1
https://i.ytimg.com/vi/KjjME3oYbps/hqdefault.jpg?sqp=-oaymwEZCPYBEIoBSFXyq4qpAwsIARUAAIhCGAFwAQ==&rs=AOn4CLDnwix0-h_IXsCilrBTsIXJDzJONA,/watch?v=KjjME3oYbps,Democrats vs Republicans - Which Brain is Better?,      3:22    ,1.6M ,1 year ago,democrats vs republicans - which brain is better?,None,True,365,1600000,172,2.87
https://i.ytimg.com/vi/6wwhbOaFuMI/hqdefault.jpg?sqp=-oaymwEZCPYBEIoBSFXyq4qpAwsIARUAAIhCGAFwAQ==&rs=AOn4CLDBw5u1xlR203E8ZFaPTEj0o3I-1w,/watch?v=6wwhbOaFuMI,We Ate Like Astronauts | Space Food Diet,      8:12    ,165K ,1 year ago,we ate like astronauts | space food diet, Space Food Diet,False,365,16500000,412,6.87
https://i.ytimg.com/vi/xzyytRY5htk/hqdefault.jpg?sqp=-oaymwEZCPYBEIoBSFXyq4qpAwsIARUAAIhCGAFwAQ==&rs=AOn4CLC6IHd9ptioJz1P8kdqgI_MOjlyHA,/watch?v=xzyytRY5htk,What If The Sun Disappeared For One Month?,      5:09    ,949K ,1 year ago,what if the sun disappeared for one month?,None,True,365,94900000,259,4.32
https://i.ytimg.com/vi/3TLf3hnxUaY/hqdefault.jpg?sqp=-oaymwEZCPYBEIoBSFXyq4qpAwsIARUAAIhCGAFwAQ==&rs=AOn4CLCcq2WtfXI61GSdmXrnv7OD8o84fg,/watch?v=3TLf3hnxUaY,What If You Stopped Masturbating?,      3:41    ,6.9M ,1 year ago,what if you stopped masturbating?,None,True,365,6900000,191,3.18
https://i.ytimg.com/vi/ifutqKQ6KQE/hqdefault.jpg?sqp=-oaymwEZCPYBEIoBSFXyq4qpAwsIARUAAIhCGAFwAQ==&rs=AOn4CLC_8jrwfZ8hgBKsUWvFfIQ_xJpzqw,/watch?v=ifutqKQ6KQE,Your Brain On Adderall - The Study Drug,      3:21    ,2M ,1 year ago,your brain on adderall - the study drug,None,True,365,2000000,171,2.85
https://i.ytimg.com/vi/3HRkKznJoZA/hqdefault.jpg?sqp=-oaymwEZCPYBEIoBSFXyq4qpAwsIARUAAIhCGAFwAQ==&rs=AOn4CLAT4l8vMKP43xlxUZ7hMrMsPGRuqA,/watch?v=3HRkKznJoZA,The Pi Song  (Memorize 100 Digits Of π),      1:15    ,9.2M ,1 year ago,the pi song  (memorize 100 digits of π),None,True,365,9200000,65,1.08
https://i.ytimg.com/vi/MitqjSYtwrQ/hqdefault.jpg?sqp=-oaymwEZCPYBEIoBSFXyq4qpAwsIARUAAIhCGAFwAQ==&rs=AOn4CLCcxCVCd_3HllgIv1Z57FDGEd82yQ,/watch?v=MitqjSYtwrQ,The Science of Being Transgender ft. Gigi Gorgeous,      4:21    ,1.2M ,1 year ago,the science of being transgender ft. gigi gorgeous,None,True,365,1200000,221,3.68
https://i.ytimg.com/vi/vfDP2ONPPOU/hqdefault.jpg?sqp=-oaymwEZCPYBEIoBSFXyq4qpAwsIARUAAIhCGAFwAQ==&rs=AOn4CLBTM4dnR8UOVCZohyWkXcVE3nNFFA,/watch?v=vfDP2ONPPOU,Can You Spot The Liar?,      6:24    ,745K ,1 year ago,can you spot the liar?,None,True,365,74500000,324,5.4
https://i.ytimg.com/vi/S3vfHZI8VoI/hqdefault.jpg?sqp=-oaymwEZCPYBEIoBSFXyq4qpAwsIARUAAIhCGAFwAQ==&rs=AOn4CLBR-a9ZrObhWF2q7qN2uY1C2l9NNg,/watch?v=S3vfHZI8VoI,What If The World Lost Oxygen For 5 Seconds?,      3:19    ,3.6M ,1 year ago,what if the world lost oxygen for 5 seconds?,None,True,365,3600000,169,2.82
https://i.ytimg.com/vi/-ixUGwk6IC8/hqdefault.jpg?sqp=-oaymwEZCPYBEIoBSFXyq4qpAwsIARUAAIhCGAFwAQ==&rs=AOn4CLBK7EuNBWK-Lz-tKwNCPaN21qTyKg,/watch?v=-ixUGwk6IC8,Do Video Games Make You Violent?,      3:38    ,483K ,1 year ago,do video games make you violent?,None,True,365,48300000,188,3.13
https://i.ytimg.com/vi/NrEafQNV9KQ/hqdefault.jpg?sqp=-oaymwEZCPYBEIoBSFXyq4qpAwsIARUAAIhCGAFwAQ==&rs=AOn4CLCmFMJOM1MX-0mJy55Zfe8o3NZkBg,/watch?v=NrEafQNV9KQ,How To Improve Your Memory RIGHT NOW!,      3:55    ,807K ,1 year ago,how to improve your memory right now!,None,True,365,80700000,205,3.42
https://i.ytimg.com/vi/xhjGOsQR6W8/hqdefault.jpg?sqp=-oaymwEZCPYBEIoBSFXyq4qpAwsIARUAAIhCGAFwAQ==&rs=AOn4CLD9tgFDG3In0IehioLg5RW8Wc3Qog,/watch?v=xhjGOsQR6W8,This Will Kill Your Brain Cells!,      4:09    ,656K ,1 year ago,this will kill your brain cells!,None,True,365,65600000,209,3.48
https://i.ytimg.com/vi/f-xbQeGZ6rk/hqdefault.jpg?sqp=-oaymwEZCPYBEIoBSFXyq4qpAwsIARUAAIhCGAFwAQ==&rs=AOn4CLAWtb9Bpr_9NScvDjNxhy-fhPR2KQ,/watch?v=f-xbQeGZ6rk,Your Body During Sex,      3:59    ,5M ,1 year ago,your body during sex,None,True,365,5000000,209,3.48
https://i.ytimg.com/vi/WuDy1XOU6_E/hqdefault.jpg?sqp=-oaymwEZCPYBEIoBSFXyq4qpAwsIARUAAIhCGAFwAQ==&rs=AOn4CLCB3E3u4bK7o8dnzdejw6uDXLYEYA,/watch?v=WuDy1XOU6_E,Why Are You Single?,      3:37    ,1.9M ,1 year ago,why are you single?,None,True,365,1900000,187,3.12
https://i.ytimg.com/vi/w40XcUP5KrI/hqdefault.jpg?sqp=-oaymwEZCPYBEIoBSFXyq4qpAwsIARUAAIhCGAFwAQ==&rs=AOn4CLCm3MnDOmoQg9hw8Bh27ixx9cEYEA,/watch?v=w40XcUP5KrI,Will This Trick Your Ears? (Audio Illusions),      3:50    ,3.8M ,1 year ago,will this trick your ears? (audio illusions),None,True,365,3800000,200,3.33
https://i.ytimg.com/vi/C2gy4rqqfMM/hqdefault.jpg?sqp=-oaymwEZCPYBEIoBSFXyq4qpAwsIARUAAIhCGAFwAQ==&rs=AOn4CLAOIm7lRwVKLgC17uJqkBEBc-HFWA,/watch?v=C2gy4rqqfMM,"What Happens When You Get ""Blue Balls""?",      2:43    ,2.5M ,1 year ago,"what happens when you get ""blue balls""?",None,True,365,2500000,143,2.38
https://i.ytimg.com/vi/QuWsHyuLD_E/hqdefault.jpg?sqp=-oaymwEZCPYBEIoBSFXyq4qpAwsIARUAAIhCGAFwAQ==&rs=AOn4CLDocrT-kd2WEjWMPqg9QVJLID_FPA,/watch?v=QuWsHyuLD_E,Can Loneliness Kill You?,      3:26    ,1M ,1 year ago,can loneliness kill you?,None,True,365,1000000,176,2.93
https://i.ytimg.com/vi/J2FwVn2MFPg/hqdefault.jpg?sqp=-oaymwEZCPYBEIoBSFXyq4qpAwsIARUAAIhCGAFwAQ==&rs=AOn4CLChUYf_jXNc_M1U8WDydKrKPkPMag,/watch?v=J2FwVn2MFPg,What If You Had Sex With An Animal?,      4:09    ,2M ,1 year ago,what if you had sex with an animal?,None,True,365,2000000,209,3.48
https://i.ytimg.com/vi/NwTmHNt-IG8/hqdefault.jpg?sqp=-oaymwEZCPYBEIoBSFXyq4qpAwsIARUAAIhCGAFwAQ==&rs=AOn4CLDNbM8MFmV0Hy5WVj2tSV6n1qGaXQ,/watch?v=NwTmHNt-IG8,Is Your Phone Listening To You?,      5:11    ,1.1M ,2 years ago,is your phone listening to you?,None,True,730,1100000,261,4.35
https://i.ytimg.com/vi/O6epKIw7W5M/hqdefault.jpg?sqp=-oaymwEZCPYBEIoBSFXyq4qpAwsIARUAAIhCGAFwAQ==&rs=AOn4CLAE_7bjqn75nMtM9iwfytC13fAo2A,/watch?v=O6epKIw7W5M,What If You Only Drank Energy Drinks?,      3:46    ,1.3M ,2 years ago,what if you only drank energy drinks?,None,True,730,1300000,196,3.27
https://i.ytimg.com/vi/3jyVmNLAPlA/hqdefault.jpg?sqp=-oaymwEZCPYBEIoBSFXyq4qpAwsIARUAAIhCGAFwAQ==&rs=AOn4CLArc5uQGq2b5HEEwv84AVbz280gaw,/watch?v=3jyVmNLAPlA,How Much Is Your Body Worth?,      3:55    ,864K ,2 years ago,how much is your body worth?,None,True,730,86400000,205,3.42
https://i.ytimg.com/vi/yDiXQl7grPQ/hqdefault.jpg?sqp=-oaymwEZCPYBEIoBSFXyq4qpAwsIARUAAIhCGAFwAQ==&rs=AOn4CLBmO75E_Jgox7sLEaT7V5OVaAnWhQ,/watch?v=yDiXQl7grPQ,"Do You Hear ""Yanny"" or ""Laurel""? (SOLVED with SCIENCE)",      2:59    ,60M ,2 years ago,"do you hear ""yanny"" or ""laurel""? (solved with science)",None,True,730,60000000,159,2.65
https://i.ytimg.com/vi/bcmJ5u4Ord0/hqdefault.jpg?sqp=-oaymwEZCPYBEIoBSFXyq4qpAwsIARUAAIhCGAFwAQ==&rs=AOn4CLCbrnVM2qFoGTpcYTpS6ak3b_11Zw,/watch?v=bcmJ5u4Ord0,Amazing Earth Facts To Blow Your Mind,      2:53    ,711K ,2 years ago,amazing earth facts to blow your mind,None,True,730,71100000,153,2.55
https://i.ytimg.com/vi/L90R6PtxFKE/hqdefault.jpg?sqp=-oaymwEZCPYBEIoBSFXyq4qpAwsIARUAAIhCGAFwAQ==&rs=AOn4CLCH9Pm5yRE3vXo4GbWEr_SM8rzoWQ,/watch?v=L90R6PtxFKE,Are Rich People Worse Humans?,      4:22    ,1.3M ,2 years ago,are rich people worse humans?,None,True,730,1300000,222,3.7
https://i.ytimg.com/vi/K2V7YQhsFo4/hqdefault.jpg?sqp=-oaymwEZCPYBEIoBSFXyq4qpAwsIARUAAIhCGAFwAQ==&rs=AOn4CLAfCe9fL7ZtnljzNRRR1HabXZprpw,/watch?v=K2V7YQhsFo4,What Happens When You Take Steroids?,      4:15    ,3.5M ,2 years ago,what happens when you take steroids?,None,True,730,3500000,215,3.58
https://i.ytimg.com/vi/BRDApYgvDqQ/hqdefault.jpg?sqp=-oaymwEZCPYBEIoBSFXyq4qpAwsIARUAAIhCGAFwAQ==&rs=AOn4CLB6gyKmzHdoSmZRceL6a_vP4j7lRw,/watch?v=BRDApYgvDqQ,"LAB RULES - Dua Lipa ""New Rules"" Parody",      2:01    ,5.2M ,2 years ago,"lab rules - dua lipa ""new rules"" parody",None,True,730,5200000,101,1.68
https://i.ytimg.com/vi/6_Qnc_P1xMQ/hqdefault.jpg?sqp=-oaymwEZCPYBEIoBSFXyq4qpAwsIARUAAIhCGAFwAQ==&rs=AOn4CLB_FXPNUaUPGuIb_fFfSi_RNxqjFQ,/watch?v=6_Qnc_P1xMQ,YOUR BODY IS AMAZING ft. Christine Sydelko,      4:36    ,656K ,2 years ago,your body is amazing ft. christine sydelko,None,True,730,65600000,236,3.93
https://i.ytimg.com/vi/71X7a8eu73k/hqdefault.jpg?sqp=-oaymwEZCPYBEIoBSFXyq4qpAwsIARUAAIhCGAFwAQ==&rs=AOn4CLDLIMJanHzXMGILiYgRHmAVVKt6rA,/watch?v=71X7a8eu73k,Mom vs. Dad: What Did You Inherit?,      4:05    ,1.6M ,2 years ago,mom vs. dad: what did you inherit?,None,True,730,1600000,205,3.42
https://i.ytimg.com/vi/Prqc-PoeZxg/hqdefault.jpg?sqp=-oaymwEZCPYBEIoBSFXyq4qpAwsIARUAAIhCGAFwAQ==&rs=AOn4CLDiNokiYXDtEC6ooP9LoKmPLz3eug,/watch?v=Prqc-PoeZxg,What Does Your Poop Say About You?,      6:56    ,526K ,2 years ago,what does your poop say about you?,None,True,730,52600000,356,5.93
https://i.ytimg.com/vi/rrwd2_UkmNw/hqdefault.jpg?sqp=-oaymwEZCPYBEIoBSFXyq4qpAwsIARUAAIhCGAFwAQ==&rs=AOn4CLCwMoxBsNS7rnDv1ww1MN6PXUUV6Q,/watch?v=rrwd2_UkmNw,How To Break Your Bad Habit,      5:10    ,1.4M ,2 years ago,how to break your bad habit,None,True,730,1400000,260,4.33
https://i.ytimg.com/vi/MybjFHx_wfc/hqdefault.jpg?sqp=-oaymwEZCPYBEIoBSFXyq4qpAwsIARUAAIhCGAFwAQ==&rs=AOn4CLDpTwTo0Y53geB-ILPkEHZ-4aYujA,/watch?v=MybjFHx_wfc,How Smart Are You? (TEST),      3:33    ,3.1M ,2 years ago,how smart are you? (test),None,True,730,3100000,183,3.05
https://i.ytimg.com/vi/smjf3M6-1XE/hqdefault.jpg?sqp=-oaymwEZCPYBEIoBSFXyq4qpAwsIARUAAIhCGAFwAQ==&rs=AOn4CLAqevrIw0chUToSeaiUPCv3QaDiTA,/watch?v=smjf3M6-1XE,What Happens In One Lifetime?,      3:34    ,2.1M ,2 years ago,what happens in one lifetime?,None,True,730,2100000,184,3.07
https://i.ytimg.com/vi/VNr5FyZp9rI/hqdefault.jpg?sqp=-oaymwEZCPYBEIoBSFXyq4qpAwsIARUAAIhCGAFwAQ==&rs=AOn4CLC65EyBHdBOPkzxfKHwAxBwMuM_sA,/watch?v=VNr5FyZp9rI,What Happens When You Inbreed?,      2:41    ,6.1M ,2 years ago,what happens when you inbreed?,None,True,730,6100000,141,2.35
https://i.ytimg.com/vi/LfIAXqZvE60/hqdefault.jpg?sqp=-oaymwEZCPYBEIoBSFXyq4qpAwsIARUAAIhCGAFwAQ==&rs=AOn4CLBW7jmTkWik1OtHEMKzT8iKIY_sJQ,/watch?v=LfIAXqZvE60,What Is The Most Dangerous Sport In The World?,      3:47    ,1M ,2 years ago,what is the most dangerous sport in the world?,None,True,730,1000000,197,3.28
https://i.ytimg.com/vi/b03U6BYF9L0/hqdefault.jpg?sqp=-oaymwEZCPYBEIoBSFXyq4qpAwsIARUAAIhCGAFwAQ==&rs=AOn4CLCKqucRbOkqz68NfKD-wIHz1MiroA,/watch?v=b03U6BYF9L0,Debunking Anti-Vaxxers,      7:24    ,5.2M ,2 years ago,debunking anti-vaxxers,None,True,730,5200000,374,6.23
https://i.ytimg.com/vi/rz4Dd1I_fX0/hqdefault.jpg?sqp=-oaymwEZCPYBEIoBSFXyq4qpAwsIARUAAIhCGAFwAQ==&rs=AOn4CLB4zF_xBQgnq2X3zagXixfFxWYGZQ,/watch?v=rz4Dd1I_fX0,The Periodic Table Song (2018 UPDATE!),      3:05    ,19M ,2 years ago,the periodic table song (2018 update!),None,True,730,19000000,155,2.58
https://i.ytimg.com/vi/t07cXwpGZWI/hqdefault.jpg?sqp=-oaymwEZCPYBEIoBSFXyq4qpAwsIARUAAIhCGAFwAQ==&rs=AOn4CLBHpZP45F-VBFygvq0Ws3CPTXPTjQ,/watch?v=t07cXwpGZWI,Should You Be Monogamous?,      3:27    ,1.2M ,2 years ago,should you be monogamous?,None,True,730,1200000,177,2.95
https://i.ytimg.com/vi/piinC82Zi1M/hqdefault.jpg?sqp=-oaymwEZCPYBEIoBSFXyq4qpAwsIARUAAIhCGAFwAQ==&rs=AOn4CLA2KRf88LyDt64iXuTSXpwPdrZb_w,/watch?v=piinC82Zi1M,When Millennials Try Environmentalism,      3:59    ,268K ,2 years ago,when millennials try environmentalism,None,True,730,26800000,209,3.48
https://i.ytimg.com/vi/eEDZuFw34YM/hqdefault.jpg?sqp=-oaymwEZCPYBEIoBSFXyq4qpAwsIARUAAIhCGAFwAQ==&rs=AOn4CLBFblRLkY-DlqGZBE_Af_ObUXk5Pg,/watch?v=eEDZuFw34YM,What If Your Airplane Door Burst Open Mid-Flight?,      2:50    ,1.8M ,2 years ago,what if your airplane door burst open mid-flight?,None,True,730,1800000,150,2.5
https://i.ytimg.com/vi/Ich3x5XphK4/hqdefault.jpg?sqp=-oaymwEZCPYBEIoBSFXyq4qpAwsIARUAAIhCGAFwAQ==&rs=AOn4CLAoaJOOoy0fBpvC_ZNB2ScHhFl8tw,/watch?v=Ich3x5XphK4,Circumcised vs. Uncircumcised - Which Is Better?,      4:24    ,9.2M ,2 years ago,circumcised vs. uncircumcised - which is better?,None,True,730,9200000,224,3.73
https://i.ytimg.com/vi/-oCQn2VkStI/hqdefault.jpg?sqp=-oaymwEZCPYBEIoBSFXyq4qpAwsIARUAAIhCGAFwAQ==&rs=AOn4CLDRek7LxklAOhR5E19ARpPZvorSCA,/watch?v=-oCQn2VkStI,Should We Break Up? (DNA COMPATIBILITY TEST),      6:25    ,567K ,2 years ago,should we break up? (dna compatibility test),None,True,730,56700000,325,5.42
https://i.ytimg.com/vi/_X8XtZZYkNA/hqdefault.jpg?sqp=-oaymwEZCPYBEIoBSFXyq4qpAwsIARUAAIhCGAFwAQ==&rs=AOn4CLBWDZzO_kAWjXTkawi3ETZH0mZMXg,/watch?v=_X8XtZZYkNA,Are You Smarter Than Average?,      4:21    ,4.4M ,2 years ago,are you smarter than average?,None,True,730,4400000,221,3.68
https://i.ytimg.com/vi/aVvR8ABCPvU/hqdefault.jpg?sqp=-oaymwEZCPYBEIoBSFXyq4qpAwsIARUAAIhCGAFwAQ==&rs=AOn4CLBT7yhwFDdeBvn7kN0roAyVkYDg2A,/watch?v=aVvR8ABCPvU,Your Life Now Vs. In The Past,      4:02    ,1M ,2 years ago,your life now vs. in the past,None,True,730,1000000,202,3.37
https://i.ytimg.com/vi/BNAgri-C8Y0/hqdefault.jpg?sqp=-oaymwEZCPYBEIoBSFXyq4qpAwsIARUAAIhCGAFwAQ==&rs=AOn4CLDhU71at4iAKMgTvLhPZQRDzms6-A,/watch?v=BNAgri-C8Y0,What If You Only Ate Meat?,      3:51    ,2.7M ,2 years ago,what if you only ate meat?,None,True,730,2700000,201,3.35
https://i.ytimg.com/vi/4bzWwbjYi0c/hqdefault.jpg?sqp=-oaymwEZCPYBEIoBSFXyq4qpAwsIARUAAIhCGAFwAQ==&rs=AOn4CLChmABUX9pkfHTRFiq1YUCUHQZ7ng,/watch?v=4bzWwbjYi0c,The 11 Greatest Threats To Humanity,      4:11    ,1M ,2 years ago,the 11 greatest threats to humanity,None,True,730,1000000,211,3.52
https://i.ytimg.com/vi/JL8jKAZTZ-4/hqdefault.jpg?sqp=-oaymwEZCPYBEIoBSFXyq4qpAwsIARUAAIhCGAFwAQ==&rs=AOn4CLCi23Z1kFoRstAMlvQrOKPUe0-4Gw,/watch?v=JL8jKAZTZ-4,What If You Stopped Eating Food?,      3:26    ,738K ,2 years ago,what if you stopped eating food?,None,True,730,73800000,176,2.93
https://i.ytimg.com/vi/zNUPS919HKM/hqdefault.jpg?sqp=-oaymwEZCPYBEIoBSFXyq4qpAwsIARUAAIhCGAFwAQ==&rs=AOn4CLB-FiNI1E4wpDd1GgMeyuc3Jm56Ig,/watch?v=zNUPS919HKM,Could The Jedi Exist? (Star Wars Science),      7:41    ,1M ,2 years ago,could the jedi exist? (star wars science),None,True,730,1000000,391,6.52
https://i.ytimg.com/vi/TEWLY3mdk8E/hqdefault.jpg?sqp=-oaymwEZCPYBEIoBSFXyq4qpAwsIARUAAIhCGAFwAQ==&rs=AOn4CLBU3pmgzBfmJgkx7nKTFKRKG54IUQ,/watch?v=TEWLY3mdk8E,How Can You Change Somebody's Opinion?,      4:39    ,1.1M ,2 years ago,how can you change somebody's opinion?,None,True,730,1100000,239,3.98
https://i.ytimg.com/vi/qS6LoRYUdhw/hqdefault.jpg?sqp=-oaymwEZCPYBEIoBSFXyq4qpAwsIARUAAIhCGAFwAQ==&rs=AOn4CLBmp1aaUAM9mJ4D-ArtNnmFk2a5vA,/watch?v=qS6LoRYUdhw,What Is The Most Dangerous Drug In The World? ft. In A Nutshell (Kurzgesagt),      4:18    ,4M ,2 years ago,what is the most dangerous drug in the world? ft. in a nutshell (kurzgesagt),None,True,730,4000000,218,3.63
https://i.ytimg.com/vi/g9oCOSvYkWc/hqdefault.jpg?sqp=-oaymwEZCPYBEIoBSFXyq4qpAwsIARUAAIhCGAFwAQ==&rs=AOn4CLAB2xdBQBnyifkELD3Sf9MPiam43Q,/watch?v=g9oCOSvYkWc,Your Body Is Amazing Pt. 2,      3:32    ,4.3M ,2 years ago,your body is amazing pt. 2,None,True,730,4300000,182,3.03
https://i.ytimg.com/vi/iALfvFpcItE/hqdefault.jpg?sqp=-oaymwEZCPYBEIoBSFXyq4qpAwsIARUAAIhCGAFwAQ==&rs=AOn4CLBev7lxsjZXKGRRruN99xZTpDGwvA,/watch?v=iALfvFpcItE,Why Are You Anxious?,      3:46    ,1.4M ,2 years ago,why are you anxious?,None,True,730,1400000,196,3.27
https://i.ytimg.com/vi/uxI-8GTqDYA/hqdefault.jpg?sqp=-oaymwEZCPYBEIoBSFXyq4qpAwsIARUAAIhCGAFwAQ==&rs=AOn4CLCdYA17XXkLy2zQIFVFP3u_oEMKWg,/watch?v=uxI-8GTqDYA,How To Survive The Apocalypse  - Scientific Survival Tips,      5:03    ,1.5M ,2 years ago,how to survive the apocalypse  - scientific survival tips,None,True,730,1500000,253,4.22
https://i.ytimg.com/vi/B9SptdjpJBQ/hqdefault.jpg?sqp=-oaymwEZCPYBEIoBSFXyq4qpAwsIARUAAIhCGAFwAQ==&rs=AOn4CLD2XZWGt8YJ2p8oaNfzzwGriD1vLw,/watch?v=B9SptdjpJBQ,How To Learn Faster,      4:07    ,4.8M ,2 years ago,how to learn faster,None,True,730,4800000,207,3.45
https://i.ytimg.com/vi/r68ENtBNfAE/hqdefault.jpg?sqp=-oaymwEZCPYBEIoBSFXyq4qpAwsIARUAAIhCGAFwAQ==&rs=AOn4CLCDHkB5bW3HmhzA18VxViAumpcaOQ,/watch?v=r68ENtBNfAE,When Should You Have A Baby?,      4:43    ,2.5M ,2 years ago,when should you have a baby?,None,True,730,2500000,243,4.05
https://i.ytimg.com/vi/AR4UgRJOUQY/hqdefault.jpg?sqp=-oaymwEZCPYBEIoBSFXyq4qpAwsIARUAAIhCGAFwAQ==&rs=AOn4CLDUDYPERBinFCJeoOE965tQwUh1DA,/watch?v=AR4UgRJOUQY,What Does Your Search History Say About You?,      5:00    ,2.3M ,2 years ago,what does your search history say about you?,None,True,730,2300000,250,4.17
https://i.ytimg.com/vi/-h2xWLbXkT8/hqdefault.jpg?sqp=-oaymwEZCPYBEIoBSFXyq4qpAwsIARUAAIhCGAFwAQ==&rs=AOn4CLA4ZTm1JzRQzO_t_uGpssCd8lGe8g,/watch?v=-h2xWLbXkT8,Is Your Sexual Fantasy Normal? (SFW),      3:38    ,3.2M ,2 years ago,is your sexual fantasy normal? (sfw),None,True,730,3200000,188,3.13
https://i.ytimg.com/vi/7knPYg5S4hY/hqdefault.jpg?sqp=-oaymwEZCPYBEIoBSFXyq4qpAwsIARUAAIhCGAFwAQ==&rs=AOn4CLCXbDnnRlGbOM3KpalcDZWIud2fHA,/watch?v=7knPYg5S4hY,What If Everyone Lived Like Americans?,      4:00    ,2.1M ,2 years ago,what if everyone lived like americans?,None,True,730,2100000,200,3.33
https://i.ytimg.com/vi/sicVlnf1Bws/hqdefault.jpg?sqp=-oaymwEZCPYBEIoBSFXyq4qpAwsIARUAAIhCGAFwAQ==&rs=AOn4CLD-lqE1HnM1auO1erZwEs5-JOX20w,/watch?v=sicVlnf1Bws,Are You Above Or Below Average?,      3:35    ,8.1M ,2 years ago,are you above or below average?,None,True,730,8100000,185,3.08
https://i.ytimg.com/vi/jVQ3zAfe2aw/hqdefault.jpg?sqp=-oaymwEZCPYBEIoBSFXyq4qpAwsIARUAAIhCGAFwAQ==&rs=AOn4CLC5_4YYVe2cHg5JA_2UtirgtD-byw,/watch?v=jVQ3zAfe2aw,Is Yoga Actually Good For You? | SciSKETCH,      3:40    ,296K ,2 years ago,is yoga actually good for you? | scisketch, SciSKETCH,False,730,29600000,190,3.17
https://i.ytimg.com/vi/IPrndNZ4m6w/hqdefault.jpg?sqp=-oaymwEZCPYBEIoBSFXyq4qpAwsIARUAAIhCGAFwAQ==&rs=AOn4CLBumQmOtZxjYE9AA8NgJS2-SYqfnQ,/watch?v=IPrndNZ4m6w,This Much Will Kill You pt.2,      3:21    ,4.9M ,2 years ago,this much will kill you pt.2,None,True,730,4900000,171,2.85
https://i.ytimg.com/vi/k6p1nmOnILA/hqdefault.jpg?sqp=-oaymwEZCPYBEIoBSFXyq4qpAwsIARUAAIhCGAFwAQ==&rs=AOn4CLABmsCiXTxHScQukyLPG7-h_FhP0w,/watch?v=k6p1nmOnILA,Does Everybody Have A Gay Gene?,      4:13    ,3M ,2 years ago,does everybody have a gay gene?,None,True,730,3000000,213,3.55
https://i.ytimg.com/vi/cRWix4e0DzI/hqdefault.jpg?sqp=-oaymwEZCPYBEIoBSFXyq4qpAwsIARUAAIhCGAFwAQ==&rs=AOn4CLAXvsh0Yz4fYqboZoX36AhvH8rIkw,/watch?v=cRWix4e0DzI,How To Live To 100,      4:05    ,1.8M ,2 years ago,how to live to 100,None,True,730,1800000,205,3.42
https://i.ytimg.com/vi/Q8uFbbSq1W4/hqdefault.jpg?sqp=-oaymwEZCPYBEIoBSFXyq4qpAwsIARUAAIhCGAFwAQ==&rs=AOn4CLCKWeDYx16Cg4GliqNxoLD4ywdYfw,/watch?v=Q8uFbbSq1W4,The Healthiest Drink In The World | The LAB ft. Grace Helbig,      4:23    ,511K ,2 years ago,the healthiest drink in the world | the lab ft. grace helbig, The LAB ft. Grace Helbig,False,730,51100000,223,3.72
https://i.ytimg.com/vi/C0tW8FWBm1g/hqdefault.jpg?sqp=-oaymwEZCPYBEIoBSFXyq4qpAwsIARUAAIhCGAFwAQ==&rs=AOn4CLBCKPDIpzAEYEkRdvrt8G0rg0Yi1Q,/watch?v=C0tW8FWBm1g,Your Brain On Fentanyl (FIXED),      3:45    ,2.7M ,2 years ago,your brain on fentanyl (fixed),None,True,730,2700000,195,3.25
https://i.ytimg.com/vi/_0rhmyroDF0/hqdefault.jpg?sqp=-oaymwEZCPYBEIoBSFXyq4qpAwsIARUAAIhCGAFwAQ==&rs=AOn4CLCt-F4oqTHsUR8aWexoj9-PRpP80A,/watch?v=_0rhmyroDF0,Do You Have What It Takes To Live On Mars?,      3:38    ,706K ,2 years ago,do you have what it takes to live on mars?,None,True,730,70600000,188,3.13
https://i.ytimg.com/vi/9utmDhDLicU/hqdefault.jpg?sqp=-oaymwEZCPYBEIoBSFXyq4qpAwsIARUAAIhCGAFwAQ==&rs=AOn4CLB_OxW3zGWucu5DvztQBhg0A56ijw,/watch?v=9utmDhDLicU,How Do You Build A Refugee Camp?,      12:24    ,1.4M ,2 years ago,how do you build a refugee camp?,None,True,730,1400000,624,10.4
https://i.ytimg.com/vi/hvu4D1jngCY/hqdefault.jpg?sqp=-oaymwEZCPYBEIoBSFXyq4qpAwsIARUAAIhCGAFwAQ==&rs=AOn4CLCt0pbNrhXb5Od93e8mlK6vMBbWUg,/watch?v=hvu4D1jngCY,Can You Remember This?,      3:28    ,769K ,2 years ago,can you remember this?,None,True,730,76900000,178,2.97
https://i.ytimg.com/vi/KJRzgl0FuMA/hqdefault.jpg?sqp=-oaymwEZCPYBEIoBSFXyq4qpAwsIARUAAIhCGAFwAQ==&rs=AOn4CLBgv5m9MUPBFA07X-Gmzp93rO4ByQ,/watch?v=KJRzgl0FuMA,Is Binge Watching Bad For You?,      2:43    ,1.7M ,3 years ago,is binge watching bad for you?,None,True,1095,1700000,143,2.38
https://i.ytimg.com/vi/T_UPnh9nLkg/hqdefault.jpg?sqp=-oaymwEZCPYBEIoBSFXyq4qpAwsIARUAAIhCGAFwAQ==&rs=AOn4CLBnkS-pZ758l7OX4HjcjEYmTkGmxw,/watch?v=T_UPnh9nLkg,How Did You Get Here?,      5:56    ,1.1M ,3 years ago,how did you get here?,None,True,1095,1100000,306,5.1
https://i.ytimg.com/vi/3jhZX_72C8c/hqdefault.jpg?sqp=-oaymwEZCPYBEIoBSFXyq4qpAwsIARUAAIhCGAFwAQ==&rs=AOn4CLCP9N5VqQFUooHd6dDkZfP6tZDgaA,/watch?v=3jhZX_72C8c,What If You Only Ate Human Flesh?,      3:27    ,3.1M ,3 years ago,what if you only ate human flesh?,None,True,1095,3100000,177,2.95
https://i.ytimg.com/vi/lDecu0ME1Zo/hqdefault.jpg?sqp=-oaymwEZCPYBEIoBSFXyq4qpAwsIARUAAIhCGAFwAQ==&rs=AOn4CLBn0F0-WzvJmKX08NqWcDMJpybXeg,/watch?v=lDecu0ME1Zo,7 Simple Tips To Reduce Your STRESS Right Now,      3:04    ,2.4M ,3 years ago,7 simple tips to reduce your stress right now,None,True,1095,2400000,154,2.57
https://i.ytimg.com/vi/wG5JyorwYPo/hqdefault.jpg?sqp=-oaymwEZCPYBEIoBSFXyq4qpAwsIARUAAIhCGAFwAQ==&rs=AOn4CLCLlokzVHBgS38Jh6cMLYMsseViug,/watch?v=wG5JyorwYPo,Your Brain on LSD and Acid,      3:32    ,7M ,3 years ago,your brain on lsd and acid,None,True,1095,7000000,182,3.03
https://i.ytimg.com/vi/zhWDdy_5v2w/hqdefault.jpg?sqp=-oaymwEZCPYBEIoBSFXyq4qpAwsIARUAAIhCGAFwAQ==&rs=AOn4CLC7_9NExZgea1ISm28BfGXokqVS_Q,/watch?v=zhWDdy_5v2w,What Happens In One Minute?,      1:01    ,4.3M ,3 years ago,what happens in one minute?,None,True,1095,4300000,51,0.85
https://i.ytimg.com/vi/nn42RC1zT_A/hqdefault.jpg?sqp=-oaymwEZCPYBEIoBSFXyq4qpAwsIARUAAIhCGAFwAQ==&rs=AOn4CLBOhBh739bdHzuwDaNJolw77OP0uA,/watch?v=nn42RC1zT_A,Why Are You Always Tired?,      3:10    ,6.5M ,3 years ago,why are you always tired?,None,True,1095,6500000,160,2.67
https://i.ytimg.com/vi/a_odVQK-TSc/hqdefault.jpg?sqp=-oaymwEZCPYBEIoBSFXyq4qpAwsIARUAAIhCGAFwAQ==&rs=AOn4CLB-tkpIVBiR3owowiVqSle3reTLig,/watch?v=a_odVQK-TSc,Are You Normal?,      3:18    ,10M ,3 years ago,are you normal?,None,True,1095,10000000,168,2.8
https://i.ytimg.com/vi/SxsgoBaGnPg/hqdefault.jpg?sqp=-oaymwEZCPYBEIoBSFXyq4qpAwsIARUAAIhCGAFwAQ==&rs=AOn4CLDwxUigKuVAcwsUi3skP3hezPKPvA,/watch?v=SxsgoBaGnPg,6 Ways To Appear Smarter Than You Are ft. Lilly Singh,      4:06    ,1M ,3 years ago,6 ways to appear smarter than you are ft. lilly singh,None,True,1095,1000000,206,3.43
https://i.ytimg.com/vi/gxSUqr3ouYA/hqdefault.jpg?sqp=-oaymwEZCPYBEIoBSFXyq4qpAwsIARUAAIhCGAFwAQ==&rs=AOn4CLAffXNDIx-JplxtGFzyu7dAFoyJhg,/watch?v=gxSUqr3ouYA,This ≠ That,      3:45    ,1.6M ,3 years ago,this ≠ that,None,True,1095,1600000,195,3.25
https://i.ytimg.com/vi/pUhJnKKQDTE/hqdefault.jpg?sqp=-oaymwEZCPYBEIoBSFXyq4qpAwsIARUAAIhCGAFwAQ==&rs=AOn4CLAX9wGniz9QwlHRcLCiOwbPKUGDKQ,/watch?v=pUhJnKKQDTE,Your Brain On Edible Marijuana,      2:36    ,5.2M ,3 years ago,your brain on edible marijuana,None,True,1095,5200000,136,2.27
https://i.ytimg.com/vi/Ylk4d8aNjO4/hqdefault.jpg?sqp=-oaymwEZCPYBEIoBSFXyq4qpAwsIARUAAIhCGAFwAQ==&rs=AOn4CLBrF45x3Bc0CGgbHrP5uVRAb71nSw,/watch?v=Ylk4d8aNjO4,Our DNA Test Results! | The LAB,      5:04    ,827K ,3 years ago,our dna test results! | the lab, The LAB,False,1095,82700000,254,4.23
https://i.ytimg.com/vi/-jxdIt2_WI0/hqdefault.jpg?sqp=-oaymwEZCPYBEIoBSFXyq4qpAwsIARUAAIhCGAFwAQ==&rs=AOn4CLB-cqLSDCiwnbI9bgxbwvl5gi-tIw,/watch?v=-jxdIt2_WI0,Can Math Prove God's Existence?,      4:33    ,4.1M ,3 years ago,can math prove god's existence?,None,True,1095,4099999,233,3.88
https://i.ytimg.com/vi/HKJFESU7hqE/hqdefault.jpg?sqp=-oaymwEZCPYBEIoBSFXyq4qpAwsIARUAAIhCGAFwAQ==&rs=AOn4CLAe1mq0t0v7E1IRQvEc_8xV0tTVow,/watch?v=HKJFESU7hqE,Are Boys Smarter Than Girls?,      4:41    ,6.5M ,3 years ago,are boys smarter than girls?,None,True,1095,6500000,241,4.02
,/watch?v=zNLfP-hB4xg,Testing Hangover Cures ft. Mamrie Hart | The LAB,      7:07    ,779K ,3 years ago,testing hangover cures ft. mamrie hart | the lab, The LAB,False,1095,77900000,357,5.95
,/watch?v=DZAMKuXJOcg,You Are Not The Majority,      3:21    ,2.6M ,3 years ago,you are not the majority,None,True,1095,2600000,171,2.85
,/watch?v=6sRJIObMErw,How To 3D Print Yourself! | The LAB,      4:19    ,334K ,3 years ago,how to 3d print yourself! | the lab, The LAB,False,1095,33400000,219,3.65
,/watch?v=1el8BMn1QM0,You Aren't Supposed To Watch This,      2:48    ,1.6M ,3 years ago,you aren't supposed to watch this,None,True,1095,1600000,148,2.47
,/watch?v=o3I0mJ2RfU0,What Happens When You Stop Smoking?,      3:29    ,11M ,3 years ago,what happens when you stop smoking?,None,True,1095,11000000,179,2.98
https://i.ytimg.com/vi/JL4Kqfxg2KU/hqdefault.jpg?sqp=-oaymwEZCPYBEIoBSFXyq4qpAwsIARUAAIhCGAFwAQ==&rs=AOn4CLD1EOKsjFqhp-G0IpQBEFwgNcft3A,/watch?v=JL4Kqfxg2KU,What If We Have A Nuclear War?,      5:02    ,4.1M ,3 years ago,what if we have a nuclear war?,None,True,1095,4099999,252,4.2
https://i.ytimg.com/vi/A4C4L0pCFZM/hqdefault.jpg?sqp=-oaymwEZCPYBEIoBSFXyq4qpAwsIARUAAIhCGAFwAQ==&rs=AOn4CLAmQOYQGmghsDHquClo8XNASxec8Q,/watch?v=A4C4L0pCFZM,Can We Make This Taste Good? Ft. Hannah Hart (The LAB),      5:36    ,561K ,3 years ago,can we make this taste good? ft. hannah hart (the lab),None,True,1095,56100000,286,4.77
https://i.ytimg.com/vi/ckXNabjF9HU/hqdefault.jpg?sqp=-oaymwEZCPYBEIoBSFXyq4qpAwsIARUAAIhCGAFwAQ==&rs=AOn4CLAL9ik5YBjQVy0uQAkKakddC-aS4w,/watch?v=ckXNabjF9HU,Is Hand Sanitizer Actually Bad For You?,      3:34    ,1M ,3 years ago,is hand sanitizer actually bad for you?,None,True,1095,1000000,184,3.07
https://i.ytimg.com/vi/t2Hl6-jWGcw/hqdefault.jpg?sqp=-oaymwEZCPYBEIoBSFXyq4qpAwsIARUAAIhCGAFwAQ==&rs=AOn4CLD8A2Z22iNG4W6zvkIDr3BTmNBmGw,/watch?v=t2Hl6-jWGcw,What If You Fell From 356 Meters? (THE LAB),      5:09    ,574K ,3 years ago,what if you fell from 356 meters? (the lab),None,True,1095,57400000,259,4.32
https://i.ytimg.com/vi/vWKqeJxzeBc/hqdefault.jpg?sqp=-oaymwEZCPYBEIoBSFXyq4qpAwsIARUAAIhCGAFwAQ==&rs=AOn4CLDsJ4hygdQ6fENaH2xXP2WituzT5w,/watch?v=vWKqeJxzeBc,What Actually Happens When You Have An Abortion?,      3:39    ,6M ,3 years ago,what actually happens when you have an abortion?,None,True,1095,6000000,189,3.15
https://i.ytimg.com/vi/NbqTkHNmlvM/hqdefault.jpg?sqp=-oaymwEZCPYBEIoBSFXyq4qpAwsIARUAAIhCGAFwAQ==&rs=AOn4CLBH5fsXV0kJVfaQdrtsFlcnbD4X0g,/watch?v=NbqTkHNmlvM,This Is Why New Year's SUCKS!,      3:35    ,2.1M ,3 years ago,this is why new year's sucks!,None,True,1095,2100000,185,3.08
https://i.ytimg.com/vi/H6hpJzK5vUo/hqdefault.jpg?sqp=-oaymwEZCPYBEIoBSFXyq4qpAwsIARUAAIhCGAFwAQ==&rs=AOn4CLDijgDVSG3v1rLdXCjA8xTE93-8zA,/watch?v=H6hpJzK5vUo,Science Christmas Carols ft. Jon Cozart,      3:39    ,1.7M ,3 years ago,science christmas carols ft. jon cozart,None,True,1095,1700000,189,3.15
https://i.ytimg.com/vi/zTeaOTkjut0/hqdefault.jpg?sqp=-oaymwEZCPYBEIoBSFXyq4qpAwsIARUAAIhCGAFwAQ==&rs=AOn4CLCfDLpzoXvCkYD71V4BNXgYoEjyDg,/watch?v=zTeaOTkjut0,What Happens When You're Drunk AND Stoned At The Same Time?,      2:28    ,9.6M ,3 years ago,what happens when you're drunk and stoned at the same time?,None,True,1095,9600000,128,2.13
https://i.ytimg.com/vi/0NPH_udOOek/hqdefault.jpg?sqp=-oaymwEZCPYBEIoBSFXyq4qpAwsIARUAAIhCGAFwAQ==&rs=AOn4CLABWmJKs74qDGAh21PM0FuWW4UNKg,/watch?v=0NPH_udOOek,You Can't See This (MIND TRICKS),      2:55    ,7.9M ,3 years ago,you can't see this (mind tricks),None,True,1095,7900000,155,2.58
https://i.ytimg.com/vi/qH4WUUQ5pOI/hqdefault.jpg?sqp=-oaymwEZCPYBEIoBSFXyq4qpAwsIARUAAIhCGAFwAQ==&rs=AOn4CLB9cO6rjnCML7UIy-GxL3XSPZ1LIQ,/watch?v=qH4WUUQ5pOI,Mitosis vs Meiosis RAP BATTLE!,      3:02    ,2.1M ,3 years ago,mitosis vs meiosis rap battle!,None,True,1095,2100000,152,2.53
https://i.ytimg.com/vi/TGx8rjgdIXk/hqdefault.jpg?sqp=-oaymwEZCPYBEIoBSFXyq4qpAwsIARUAAIhCGAFwAQ==&rs=AOn4CLCGGRH2knUUW6OtlAFqAAuCfuZVzg,/watch?v=TGx8rjgdIXk,Should You Trust Your Gut Instinct?,      4:26    ,1.6M ,3 years ago,should you trust your gut instinct?,None,True,1095,1600000,226,3.77
https://i.ytimg.com/vi/YPl0naO6GR0/hqdefault.jpg?sqp=-oaymwEZCPYBEIoBSFXyq4qpAwsIARUAAIhCGAFwAQ==&rs=AOn4CLDMLkgHUpgtulCtceqcn5kbdcYeSA,/watch?v=YPl0naO6GR0,Which Diets Actually Work?,      6:40    ,2.8M ,3 years ago,which diets actually work?,None,True,1095,2800000,340,5.67
https://i.ytimg.com/vi/I16TJUp4SVA/hqdefault.jpg?sqp=-oaymwEZCPYBEIoBSFXyq4qpAwsIARUAAIhCGAFwAQ==&rs=AOn4CLC3dEaUyy0chvsdsjV9j0RF-pP7jA,/watch?v=I16TJUp4SVA,The 71 Most AMAZING Innovations of All Time,      6:42    ,2.1M ,3 years ago,the 71 most amazing innovations of all time,None,True,1095,2100000,342,5.7
https://i.ytimg.com/vi/sfjN15zsPyQ/hqdefault.jpg?sqp=-oaymwEZCPYBEIoBSFXyq4qpAwsIARUAAIhCGAFwAQ==&rs=AOn4CLBWAoPWvA_OCbVR53XGlAxrw1yjhg,/watch?v=sfjN15zsPyQ,Introverts vs Extroverts,      4:18    ,3.3M ,3 years ago,introverts vs extroverts,None,True,1095,3300000,218,3.63
https://i.ytimg.com/vi/PwRCZE0-P2I/hqdefault.jpg?sqp=-oaymwEZCPYBEIoBSFXyq4qpAwsIARUAAIhCGAFwAQ==&rs=AOn4CLAT6kUO4pQ6Xtkzk31R5vyyWipRXw,/watch?v=PwRCZE0-P2I,Is Organic Food Worse For You?,      4:26    ,1.9M ,3 years ago,is organic food worse for you?,None,True,1095,1900000,226,3.77
https://i.ytimg.com/vi/T3Ftj5E90tY/hqdefault.jpg?sqp=-oaymwEZCPYBEIoBSFXyq4qpAwsIARUAAIhCGAFwAQ==&rs=AOn4CLDMbyGH0yt0wtDCii6Fr8WL0kOw4g,/watch?v=T3Ftj5E90tY,What If You Had A Second Brain?,      4:47    ,1.5M ,3 years ago,what if you had a second brain?,None,True,1095,1500000,247,4.12
https://i.ytimg.com/vi/n7bZbBFYnfo/hqdefault.jpg?sqp=-oaymwEZCPYBEIoBSFXyq4qpAwsIARUAAIhCGAFwAQ==&rs=AOn4CLDyNs_dRO3a0FqaIrTIvcoWhQ43RA,/watch?v=n7bZbBFYnfo,Should You Stop Wearing Tampons?,      3:57    ,2.9M ,3 years ago,should you stop wearing tampons?,None,True,1095,2900000,207,3.45
https://i.ytimg.com/vi/QJ907Aa7TYE/hqdefault.jpg?sqp=-oaymwEZCPYBEIoBSFXyq4qpAwsIARUAAIhCGAFwAQ==&rs=AOn4CLDQBi3i3Ph_VRc-_x7hSQ_oPIJXkQ,/watch?v=QJ907Aa7TYE,Are Good Looking People Jerks?,      2:54    ,3.4M ,3 years ago,are good looking people jerks?,None,True,1095,3400000,154,2.57
https://i.ytimg.com/vi/CrRDtZp96jw/hqdefault.jpg?sqp=-oaymwEZCPYBEIoBSFXyq4qpAwsIARUAAIhCGAFwAQ==&rs=AOn4CLB3geh8LuSnnMbEB-vYL7Hdrz5HoQ,/watch?v=CrRDtZp96jw,The End Of The Arctic,      13:39    ,994K ,3 years ago,the end of the arctic,None,True,1095,99400000,689,11.48
https://i.ytimg.com/vi/b6CPsGanO_U/hqdefault.jpg?sqp=-oaymwEZCPYBEIoBSFXyq4qpAwsIARUAAIhCGAFwAQ==&rs=AOn4CLCwt-OI6n55XTmcii6FdDfoM0jABw,/watch?v=b6CPsGanO_U,What If All The Ice Melted On Earth? ft. Bill Nye,      5:51    ,6.8M ,3 years ago,what if all the ice melted on earth? ft. bill nye,None,True,1095,6800000,301,5.02
https://i.ytimg.com/vi/dE5g0PVejBY/hqdefault.jpg?sqp=-oaymwEZCPYBEIoBSFXyq4qpAwsIARUAAIhCGAFwAQ==&rs=AOn4CLBKlpnISdUlPMrRkvqyIE3n8N1ffA,/watch?v=dE5g0PVejBY,How Will You Die?,      3:41    ,2.7M ,3 years ago,how will you die?,None,True,1095,2700000,191,3.18
https://i.ytimg.com/vi/cRsJB0taAak/hqdefault.jpg?sqp=-oaymwEZCPYBEIoBSFXyq4qpAwsIARUAAIhCGAFwAQ==&rs=AOn4CLDe4784A4kj09xE1_E3lB8rGIRHeg,/watch?v=cRsJB0taAak,Your Brain On Ayahuasca: The Hallucinogenic Drug,      3:35    ,3.2M ,3 years ago,your brain on ayahuasca: the hallucinogenic drug,None,True,1095,3200000,185,3.08
https://i.ytimg.com/vi/APkpiO0QQ_k/hqdefault.jpg?sqp=-oaymwEZCPYBEIoBSFXyq4qpAwsIARUAAIhCGAFwAQ==&rs=AOn4CLBGreS8HmQAZbQHWnp62fQFw_MRYw,/watch?v=APkpiO0QQ_k,How Not To Get Stuck In Traffic,      3:55    ,1.6M ,3 years ago,how not to get stuck in traffic,None,True,1095,1600000,205,3.42
https://i.ytimg.com/vi/7sKp9R5BOEk/hqdefault.jpg?sqp=-oaymwEZCPYBEIoBSFXyq4qpAwsIARUAAIhCGAFwAQ==&rs=AOn4CLB8DEDDJz8JjLlWvbMgJa62CfTaMA,/watch?v=7sKp9R5BOEk,Where Do Your Texts Go?,      3:44    ,1.5M ,3 years ago,where do your texts go?,None,True,1095,1500000,194,3.23
https://i.ytimg.com/vi/5ioQ8a7o3Mo/hqdefault.jpg?sqp=-oaymwEZCPYBEIoBSFXyq4qpAwsIARUAAIhCGAFwAQ==&rs=AOn4CLA6uTEt4qpGDkhU0LjownYiZZSrkg,/watch?v=5ioQ8a7o3Mo,Male vs Female Orgasms - Which Is Better?,      4:00    ,5.6M ,3 years ago,male vs female orgasms - which is better?,None,True,1095,5600000,200,3.33
https://i.ytimg.com/vi/YAawHbPiQfo/hqdefault.jpg?sqp=-oaymwEZCPYBEIoBSFXyq4qpAwsIARUAAIhCGAFwAQ==&rs=AOn4CLCUjDGcQ39kDgOtRLFjBNonEFtWFQ,/watch?v=YAawHbPiQfo,The Twitter Pizza Equation Explained,      2:01    ,1M ,3 years ago,the twitter pizza equation explained,None,True,1095,1000000,101,1.68
https://i.ytimg.com/vi/IfTpTDIEZXk/hqdefault.jpg?sqp=-oaymwEZCPYBEIoBSFXyq4qpAwsIARUAAIhCGAFwAQ==&rs=AOn4CLAwKj1YRmE9RiZcUSJtA9C4VKByQw,/watch?v=IfTpTDIEZXk,Pokémon in REAL LIFE?,      2:45    ,1M ,3 years ago,pokémon in real life?,None,True,1095,1000000,145,2.42
https://i.ytimg.com/vi/GG3X4GZ4FHQ/hqdefault.jpg?sqp=-oaymwEZCPYBEIoBSFXyq4qpAwsIARUAAIhCGAFwAQ==&rs=AOn4CLDPNoqoE5OUPEzN0g8YxAYzRBoGFQ,/watch?v=GG3X4GZ4FHQ,What Does Your Accent Say About You?,      3:26    ,3.5M ,3 years ago,what does your accent say about you?,None,True,1095,3500000,176,2.93
https://i.ytimg.com/vi/FhZrU6g9seg/hqdefault.jpg?sqp=-oaymwEZCPYBEIoBSFXyq4qpAwsIARUAAIhCGAFwAQ==&rs=AOn4CLANtfwLy9r-PCY1MrxZhyfZOpByow,/watch?v=FhZrU6g9seg,Will This Trick Your Brain? (Color TEST),      3:39    ,5.4M ,3 years ago,will this trick your brain? (color test),None,True,1095,5400000,189,3.15
https://i.ytimg.com/vi/e8kHyee1z7w/hqdefault.jpg?sqp=-oaymwEZCPYBEIoBSFXyq4qpAwsIARUAAIhCGAFwAQ==&rs=AOn4CLDSZ7979wpBbNUuV_Qb-bO5mY2XUg,/watch?v=e8kHyee1z7w,Are You More Forgetful Than A Fish?,      2:59    ,1M ,3 years ago,are you more forgetful than a fish?,None,True,1095,1000000,159,2.65
https://i.ytimg.com/vi/CRV9PsZRUV0/hqdefault.jpg?sqp=-oaymwEZCPYBEIoBSFXyq4qpAwsIARUAAIhCGAFwAQ==&rs=AOn4CLBB8Th-GSKtm24w7UWGTZID1ysSCw,/watch?v=CRV9PsZRUV0,What If You Hear Voices In Your Head?,      3:38    ,2.6M ,3 years ago,what if you hear voices in your head?,None,True,1095,2600000,188,3.13
https://i.ytimg.com/vi/W6CBb3yX9Zs/hqdefault.jpg?sqp=-oaymwEZCPYBEIoBSFXyq4qpAwsIARUAAIhCGAFwAQ==&rs=AOn4CLAv_IWM-AN9qbuuwXw6eyjtu4wj7Q,/watch?v=W6CBb3yX9Zs,How Is Your Phone Changing You?,      3:12    ,4.1M ,4 years ago,how is your phone changing you?,None,True,1460,4099999,162,2.7
https://i.ytimg.com/vi/vgTQD-v27QI/hqdefault.jpg?sqp=-oaymwEZCPYBEIoBSFXyq4qpAwsIARUAAIhCGAFwAQ==&rs=AOn4CLCsuFF7BTZgsvcf0TAjwWsiOTWn0A,/watch?v=vgTQD-v27QI,Does Having A “Wingman” Actually Help You Get A Date?,      3:10    ,1.1M ,4 years ago,does having a “wingman” actually help you get a date?,None,True,1460,1100000,160,2.67
https://i.ytimg.com/vi/nlSotsjZVww/hqdefault.jpg?sqp=-oaymwEZCPYBEIoBSFXyq4qpAwsIARUAAIhCGAFwAQ==&rs=AOn4CLDSOt_0WqBqFuE_J4PqhjZscrU8pg,/watch?v=nlSotsjZVww,Is Makeup Bad For You?,      3:03    ,2.9M ,4 years ago,is makeup bad for you?,None,True,1460,2900000,153,2.55
https://i.ytimg.com/vi/V4RZJSeT2sk/hqdefault.jpg?sqp=-oaymwEZCPYBEIoBSFXyq4qpAwsIARUAAIhCGAFwAQ==&rs=AOn4CLDdVnNx86_PrbPWFugAj8Miz_02zA,/watch?v=V4RZJSeT2sk,7 Tips To Wake Up Without Coffee,      3:08    ,1.8M ,4 years ago,7 tips to wake up without coffee,None,True,1460,1800000,158,2.63
https://i.ytimg.com/vi/dkyvlS9k4k4/hqdefault.jpg?sqp=-oaymwEZCPYBEIoBSFXyq4qpAwsIARUAAIhCGAFwAQ==&rs=AOn4CLAFTxVN637VgOOh_Z3Yy9tzYFF0RQ,/watch?v=dkyvlS9k4k4,Brand Name vs. Generic,      3:30    ,3.9M ,4 years ago,brand name vs. generic,None,True,1460,3900000,180,3.0
https://i.ytimg.com/vi/p2OCDAHklQI/hqdefault.jpg?sqp=-oaymwEZCPYBEIoBSFXyq4qpAwsIARUAAIhCGAFwAQ==&rs=AOn4CLCxcsA7eqQ5jDFPGFyi--N52Tn8dA,/watch?v=p2OCDAHklQI,Could You Outrun A Fart?,      3:26    ,1.2M ,4 years ago,could you outrun a fart?,None,True,1460,1200000,176,2.93
https://i.ytimg.com/vi/n2EVEYmeSqg/hqdefault.jpg?sqp=-oaymwEZCPYBEIoBSFXyq4qpAwsIARUAAIhCGAFwAQ==&rs=AOn4CLB7Rro9hMc7IE1xJ2LRlnVz2xQ1iQ,/watch?v=n2EVEYmeSqg,Is ADHD An Advantage?,      3:29    ,2M ,4 years ago,is adhd an advantage?,None,True,1460,2000000,179,2.98
https://i.ytimg.com/vi/ANUoAdXfA60/hqdefault.jpg?sqp=-oaymwEZCPYBEIoBSFXyq4qpAwsIARUAAIhCGAFwAQ==&rs=AOn4CLBX9TXi5WwbUS0-cEmBvLTaSsSPeA,/watch?v=ANUoAdXfA60,What If The World Went Vegetarian?,      3:47    ,6.7M ,4 years ago,what if the world went vegetarian?,None,True,1460,6700000,197,3.28
https://i.ytimg.com/vi/46LU6AxB1go/hqdefault.jpg?sqp=-oaymwEZCPYBEIoBSFXyq4qpAwsIARUAAIhCGAFwAQ==&rs=AOn4CLCALSu07r-zxt2m1ijBm2v16vPssA,/watch?v=46LU6AxB1go,Should You Shave Your Pubes?,      2:47    ,10M ,4 years ago,should you shave your pubes?,None,True,1460,10000000,147,2.45
https://i.ytimg.com/vi/MDHL4mMUCPk/hqdefault.jpg?sqp=-oaymwEZCPYBEIoBSFXyq4qpAwsIARUAAIhCGAFwAQ==&rs=AOn4CLCcOlNwvzWYqIjGSvXlfTveIo-5Ew,/watch?v=MDHL4mMUCPk,Can You Actually Eat A Bus?,      3:42    ,1.4M ,4 years ago,can you actually eat a bus?,None,True,1460,1400000,192,3.2
https://i.ytimg.com/vi/55j-nVwHa_c/hqdefault.jpg?sqp=-oaymwEZCPYBEIoBSFXyq4qpAwsIARUAAIhCGAFwAQ==&rs=AOn4CLAKsAkrmEp5uF2BQ4ss0422baug5A,/watch?v=55j-nVwHa_c,What Happens When You Die?,      3:12    ,5.6M ,4 years ago,what happens when you die?,None,True,1460,5600000,162,2.7
https://i.ytimg.com/vi/CGvx4gl3D7w/hqdefault.jpg?sqp=-oaymwEZCPYBEIoBSFXyq4qpAwsIARUAAIhCGAFwAQ==&rs=AOn4CLDOpGcnrTfbTAPw8bZxyZZtYN2Qcw,/watch?v=CGvx4gl3D7w,Is There A Pimple Cure?,      3:39    ,7.4M ,4 years ago,is there a pimple cure?,None,True,1460,7400000,189,3.15
https://i.ytimg.com/vi/du8siPJ1ZKo/hqdefault.jpg?sqp=-oaymwEZCPYBEIoBSFXyq4qpAwsIARUAAIhCGAFwAQ==&rs=AOn4CLDXZkP_k00aeVHz6uzGVo_0txE8QQ,/watch?v=du8siPJ1ZKo,Why Are Teens So Moody?,      3:58    ,4.3M ,4 years ago,why are teens so moody?,None,True,1460,4300000,208,3.47
https://i.ytimg.com/vi/ztiHRiFXtoc/hqdefault.jpg?sqp=-oaymwEZCPYBEIoBSFXyq4qpAwsIARUAAIhCGAFwAQ==&rs=AOn4CLBC2cUwL8guDDJUzc2761XYDSEI6w,/watch?v=ztiHRiFXtoc,Exercise vs Diet,      2:28    ,3.1M ,4 years ago,exercise vs diet,None,True,1460,3100000,128,2.13
https://i.ytimg.com/vi/Y52e551lU50/hqdefault.jpg?sqp=-oaymwEZCPYBEIoBSFXyq4qpAwsIARUAAIhCGAFwAQ==&rs=AOn4CLDh39lzBJHMgCgeCK3SjfFaYaweDQ,/watch?v=Y52e551lU50,What If You Only Drank Soda?,      3:11    ,5.2M ,4 years ago,what if you only drank soda?,None,True,1460,5200000,161,2.68
https://i.ytimg.com/vi/6Zxy_dScjsM/hqdefault.jpg?sqp=-oaymwEZCPYBEIoBSFXyq4qpAwsIARUAAIhCGAFwAQ==&rs=AOn4CLDz5KyllywP95JS4OJM6LmugrcDGA,/watch?v=6Zxy_dScjsM,The Science of Internet Trolls,      2:57    ,1.4M ,4 years ago,the science of internet trolls,None,True,1460,1400000,157,2.62
https://i.ytimg.com/vi/pZT-FZqfxZA/hqdefault.jpg?sqp=-oaymwEZCPYBEIoBSFXyq4qpAwsIARUAAIhCGAFwAQ==&rs=AOn4CLCo3_HpogyprgLw85F3zo1Bx9zd5w,/watch?v=pZT-FZqfxZA,The Science Of Motivation,      3:59    ,3.1M ,4 years ago,the science of motivation,None,True,1460,3100000,209,3.48
https://i.ytimg.com/vi/Tvne48F0Eqw/hqdefault.jpg?sqp=-oaymwEZCPYBEIoBSFXyq4qpAwsIARUAAIhCGAFwAQ==&rs=AOn4CLB9auwdxX5kKOroDICUxLXFqgMomQ,/watch?v=Tvne48F0Eqw,36 Questions That Make Strangers Fall In Love (The LAB),      5:51    ,7.5M ,4 years ago,36 questions that make strangers fall in love (the lab),None,True,1460,7500000,301,5.02
https://i.ytimg.com/vi/bYkY4Yig3Gk/hqdefault.jpg?sqp=-oaymwEZCPYBEIoBSFXyq4qpAwsIARUAAIhCGAFwAQ==&rs=AOn4CLApxqr3b_6zmuWtd32S4D9HWc3Wyg,/watch?v=bYkY4Yig3Gk,The Science of Boobs,      3:52    ,9.7M ,4 years ago,the science of boobs,None,True,1460,9700000,202,3.37
https://i.ytimg.com/vi/LTXTeAt2mpg/hqdefault.jpg?sqp=-oaymwEZCPYBEIoBSFXyq4qpAwsIARUAAIhCGAFwAQ==&rs=AOn4CLAdn46xgTRW3KIfQ4xmgnWPn_7xRg,/watch?v=LTXTeAt2mpg,SCIENCE WARS - Acapella Parody,      3:38    ,15M ,4 years ago,science wars - acapella parody,None,True,1460,15000000,188,3.13
https://i.ytimg.com/vi/cAXHC6ShJ-s/hqdefault.jpg?sqp=-oaymwEZCPYBEIoBSFXyq4qpAwsIARUAAIhCGAFwAQ==&rs=AOn4CLDO4OJSdDHOBz5YpmezOgx88chDfQ,/watch?v=cAXHC6ShJ-s,How Will You Look At 72? (The LAB),      7:14    ,764K ,4 years ago,how will you look at 72? (the lab),None,True,1460,76400000,364,6.07
https://i.ytimg.com/vi/FDVNdn0CvKI/hqdefault.jpg?sqp=-oaymwEZCPYBEIoBSFXyq4qpAwsIARUAAIhCGAFwAQ==&rs=AOn4CLAV_QHacXy3EbnIxwr-D551NCH8bg,/watch?v=FDVNdn0CvKI,The Science of HIV/AIDS,      3:43    ,1.9M ,4 years ago,the science of hiv/aids,None,True,1460,1900000,193,3.22
https://i.ytimg.com/vi/rjmsWFUNzBw/hqdefault.jpg?sqp=-oaymwEZCPYBEIoBSFXyq4qpAwsIARUAAIhCGAFwAQ==&rs=AOn4CLBy35hVdk0ToVQMOXT-pzetB_U7QQ,/watch?v=rjmsWFUNzBw,Your Brain On Illusions (The LAB),      9:45    ,1.6M ,4 years ago,your brain on illusions (the lab),None,True,1460,1600000,495,8.25
https://i.ytimg.com/vi/mq9PAguP86o/hqdefault.jpg?sqp=-oaymwEZCPYBEIoBSFXyq4qpAwsIARUAAIhCGAFwAQ==&rs=AOn4CLBeOKlm6wJJuRkoucjrayjRsw66gA,/watch?v=mq9PAguP86o,Will This Hypnotize You?,      3:48    ,5.6M ,4 years ago,will this hypnotize you?,None,True,1460,5600000,198,3.3
,/watch?v=LvpwYLeuP6g,Can You Trick A Breathalyzer? (The LAB),      10:56    ,1.3M ,4 years ago,can you trick a breathalyzer? (the lab),None,True,1460,1300000,556,9.27
,/watch?v=tozEuziqdpg,Why Your Body Is AMAZING!,      3:09    ,6.2M ,4 years ago,why your body is amazing!,None,True,1460,6200000,159,2.65
,/watch?v=3CfbEEulUjM,Drinking Our Own Pee! (The LAB),      11:20    ,972K ,4 years ago,drinking our own pee! (the lab),None,True,1460,97200000,570,9.5
,/watch?v=VgVQKCcfwnU,The Periodic Table Song,      2:54    ,21M ,4 years ago,the periodic table song,None,True,1460,21000000,154,2.57
,/watch?v=mqQf4Sg1g9w,The Science of Cheating,      2:53    ,7.2M ,4 years ago,the science of cheating,None,True,1460,7200000,153,2.55
https://i.ytimg.com/vi/s4XQo4txlk0/hqdefault.jpg?sqp=-oaymwEZCPYBEIoBSFXyq4qpAwsIARUAAIhCGAFwAQ==&rs=AOn4CLDAD4A_VDiAL5Tx-8kBmjJv16DYOA,/watch?v=s4XQo4txlk0,How Much Pain Can You Handle? (The LAB),      10:17    ,2.2M ,4 years ago,how much pain can you handle? (the lab),None,True,1460,2200000,517,8.62
https://i.ytimg.com/vi/Cs1uud8HiCQ/hqdefault.jpg?sqp=-oaymwEZCPYBEIoBSFXyq4qpAwsIARUAAIhCGAFwAQ==&rs=AOn4CLCBh3WDdtbukjkGMXliiEyVBr5CFg,/watch?v=Cs1uud8HiCQ,Humans In 1000 Years,      4:06    ,8.7M ,4 years ago,humans in 1000 years,None,True,1460,8700000,206,3.43
https://i.ytimg.com/vi/8e1XX-ngJcc/hqdefault.jpg?sqp=-oaymwEZCPYBEIoBSFXyq4qpAwsIARUAAIhCGAFwAQ==&rs=AOn4CLCA3uN5chE-4iYLaaSotA8wMBF_qg,/watch?v=8e1XX-ngJcc,The War on Science,      5:28    ,2M ,4 years ago,the war on science,None,True,1460,2000000,278,4.63
https://i.ytimg.com/vi/9n2tmNWn1ec/hqdefault.jpg?sqp=-oaymwEZCPYBEIoBSFXyq4qpAwsIARUAAIhCGAFwAQ==&rs=AOn4CLDA_wAnG-LibkM0NB1kiJWJ-idC8w,/watch?v=9n2tmNWn1ec,Is This Glass Half Empty?,      3:20    ,1.8M ,4 years ago,is this glass half empty?,None,True,1460,1800000,170,2.83
https://i.ytimg.com/vi/Ow1-uj0ToVY/hqdefault.jpg?sqp=-oaymwEZCPYBEIoBSFXyq4qpAwsIARUAAIhCGAFwAQ==&rs=AOn4CLBVRB9tnA174P5oSUvQhaY-YcOvzw,/watch?v=Ow1-uj0ToVY,Does Your School Matter?,      3:27    ,4.6M ,4 years ago,does your school matter?,None,True,1460,4600000,177,2.95
https://i.ytimg.com/vi/GU3JqoUDkjA/hqdefault.jpg?sqp=-oaymwEZCPYBEIoBSFXyq4qpAwsIARUAAIhCGAFwAQ==&rs=AOn4CLBQ_r3mChLV4-oKh2wIHgvUxgc7Yg,/watch?v=GU3JqoUDkjA,Is Masturbation Good For You?,      3:00    ,21M ,4 years ago,is masturbation good for you?,None,True,1460,21000000,150,2.5
https://i.ytimg.com/vi/p60rN9JEapg/hqdefault.jpg?sqp=-oaymwEZCPYBEIoBSFXyq4qpAwsIARUAAIhCGAFwAQ==&rs=AOn4CLC7n8pkET4igjbS4NraXKqiPwocJA,/watch?v=p60rN9JEapg,The 9 BEST Scientific Study Tips,      3:26    ,11M ,4 years ago,the 9 best scientific study tips,None,True,1460,11000000,176,2.93
https://i.ytimg.com/vi/vPszR0-vTqc/hqdefault.jpg?sqp=-oaymwEZCPYBEIoBSFXyq4qpAwsIARUAAIhCGAFwAQ==&rs=AOn4CLD3ZdCYyr6FRB9bGAD8pbud0Pmi8g,/watch?v=vPszR0-vTqc,This Much Will Kill You,      3:41    ,18M ,4 years ago,this much will kill you,None,True,1460,18000000,191,3.18
https://i.ytimg.com/vi/haqi4xvjvKo/hqdefault.jpg?sqp=-oaymwEZCPYBEIoBSFXyq4qpAwsIARUAAIhCGAFwAQ==&rs=AOn4CLD4fgBXRubCo1zDMs55fXswVXngUA,/watch?v=haqi4xvjvKo,Smoking vs Vaping,      4:20    ,15M ,4 years ago,smoking vs vaping,None,True,1460,15000000,220,3.67
https://i.ytimg.com/vi/0diS49kvWWE/hqdefault.jpg?sqp=-oaymwEZCPYBEIoBSFXyq4qpAwsIARUAAIhCGAFwAQ==&rs=AOn4CLDnLh26qqiOMG4R1dKudjjASkfe0w,/watch?v=0diS49kvWWE,What If You Stopped Eating?,      3:31    ,6.6M ,4 years ago,what if you stopped eating?,None,True,1460,6600000,181,3.02
https://i.ytimg.com/vi/ZipzqCphi8s/hqdefault.jpg?sqp=-oaymwEZCPYBEIoBSFXyq4qpAwsIARUAAIhCGAFwAQ==&rs=AOn4CLD9e3pOZ6dZdiD85ofr-i-6HZPhTw,/watch?v=ZipzqCphi8s,The Science of DOGS,      3:05    ,3.4M ,4 years ago,the science of dogs,None,True,1460,3400000,155,2.58
https://i.ytimg.com/vi/bkhhCi7nMFI/hqdefault.jpg?sqp=-oaymwEZCPYBEIoBSFXyq4qpAwsIARUAAIhCGAFwAQ==&rs=AOn4CLChTmChZ5sdgKg8w3LPe3FvlLCu6w,/watch?v=bkhhCi7nMFI,This Is NOT NATURAL,      3:16    ,4.4M ,4 years ago,this is not natural,None,True,1460,4400000,166,2.77
https://i.ytimg.com/vi/tbZVyt65Jmw/hqdefault.jpg?sqp=-oaymwEZCPYBEIoBSFXyq4qpAwsIARUAAIhCGAFwAQ==&rs=AOn4CLC2EoL9Vbw7fE76foz3Tg7dMJSdUw,/watch?v=tbZVyt65Jmw,This Is Your Body Over 24 Hours,      5:27    ,5.8M ,4 years ago,this is your body over 24 hours,None,True,1460,5800000,277,4.62
https://i.ytimg.com/vi/27EBed9rzs8/hqdefault.jpg?sqp=-oaymwEZCPYBEIoBSFXyq4qpAwsIARUAAIhCGAFwAQ==&rs=AOn4CLAnPKaJfP7ZoNtIcN_khWRdDLUwZw,/watch?v=27EBed9rzs8,The Science of BACON!,      3:32    ,1.4M ,4 years ago,the science of bacon!,None,True,1460,1400000,182,3.03
https://i.ytimg.com/vi/5r1Sl8DKjf4/hqdefault.jpg?sqp=-oaymwEZCPYBEIoBSFXyq4qpAwsIARUAAIhCGAFwAQ==&rs=AOn4CLDG22tjOafJgeDVTQGgg6dNUM5DAA,/watch?v=5r1Sl8DKjf4,Could You Transfer Your Consciousness To Another Body?,      3:10    ,1.6M ,4 years ago,could you transfer your consciousness to another body?,None,True,1460,1600000,160,2.67
https://i.ytimg.com/vi/5GIfISN4-G8/hqdefault.jpg?sqp=-oaymwEZCPYBEIoBSFXyq4qpAwsIARUAAIhCGAFwAQ==&rs=AOn4CLBn9Ix56EdrcUzxQE1pzUG55zoj2g,/watch?v=5GIfISN4-G8,What Does Your PEE Say About You?,      2:59    ,4.2M ,5 years ago,what does your pee say about you?,None,True,1825,4200000,159,2.65
https://i.ytimg.com/vi/0mgmayMSESI/hqdefault.jpg?sqp=-oaymwEZCPYBEIoBSFXyq4qpAwsIARUAAIhCGAFwAQ==&rs=AOn4CLCT8NGayEFWKoUTKhIeN5a1a9vM7w,/watch?v=0mgmayMSESI,Are You Consuming Your Coffee Correctly?,      2:04    ,2.9M ,5 years ago,are you consuming your coffee correctly?,None,True,1825,2900000,104,1.73
https://i.ytimg.com/vi/QvlwO4_KZ9k/hqdefault.jpg?sqp=-oaymwEZCPYBEIoBSFXyq4qpAwsIARUAAIhCGAFwAQ==&rs=AOn4CLC6jhcKBYZJHnyIfecYHk6tB7xGVA,/watch?v=QvlwO4_KZ9k,Why Do You Forget Their Name?,      2:06    ,1.4M ,5 years ago,why do you forget their name?,None,True,1825,1400000,106,1.77
https://i.ytimg.com/vi/zFM6gmgCuvA/hqdefault.jpg?sqp=-oaymwEZCPYBEIoBSFXyq4qpAwsIARUAAIhCGAFwAQ==&rs=AOn4CLAWSg5ODJKpBFvt5YGw2h6clnlc3Q,/watch?v=zFM6gmgCuvA,Can Birds Actually Deliver Messages?,      2:02    ,875K ,5 years ago,can birds actually deliver messages?,None,True,1825,87500000,102,1.7
https://i.ytimg.com/vi/wissIOikrqc/hqdefault.jpg?sqp=-oaymwEZCPYBEIoBSFXyq4qpAwsIARUAAIhCGAFwAQ==&rs=AOn4CLBv4fgxqXU2LS7gYeOhpwhJY63UWg,/watch?v=wissIOikrqc,The 6 Craziest Extinctions Ever,      4:26    ,3.4M ,5 years ago,the 6 craziest extinctions ever,None,True,1825,3400000,226,3.77
https://i.ytimg.com/vi/sWwd5vks9n8/hqdefault.jpg?sqp=-oaymwEZCPYBEIoBSFXyq4qpAwsIARUAAIhCGAFwAQ==&rs=AOn4CLAa42588vzjqhehVBhZALmwK_FmDA,/watch?v=sWwd5vks9n8,Science STYLE Cover - Taylor Swift Acapella Parody,      4:03    ,4.4M ,5 years ago,science style cover - taylor swift acapella parody,None,True,1825,4400000,203,3.38
https://i.ytimg.com/vi/tB5-JahAXfc/hqdefault.jpg?sqp=-oaymwEZCPYBEIoBSFXyq4qpAwsIARUAAIhCGAFwAQ==&rs=AOn4CLBYA1DTmq3b-F4c0ncXIvvYICsgeg,/watch?v=tB5-JahAXfc,How Good Is Your Eyesight? (TEST),      1:46    ,12M ,5 years ago,how good is your eyesight? (test),None,True,1825,12000000,96,1.6
https://i.ytimg.com/vi/JilYBVrFiLA/hqdefault.jpg?sqp=-oaymwEZCPYBEIoBSFXyq4qpAwsIARUAAIhCGAFwAQ==&rs=AOn4CLC8cMKKGPL-3y8NaCVOSl8yyaAXPQ,/watch?v=JilYBVrFiLA,What Happens If All The Bees Die?,      3:28    ,2.3M ,5 years ago,what happens if all the bees die?,None,True,1825,2300000,178,2.97
https://i.ytimg.com/vi/yUofDfhaIMM/hqdefault.jpg?sqp=-oaymwEZCPYBEIoBSFXyq4qpAwsIARUAAIhCGAFwAQ==&rs=AOn4CLAlBunqbOiwiBSWFL9McHk4MP5v-A,/watch?v=yUofDfhaIMM,AsapSCIENCE LIVE Book Launch! Performances + Q&A + SCIENCE!,      32:27    ,233K ,5 years ago,asapscience live book launch! performances + q&a + science!,None,True,1825,23300000,1627,27.12
https://i.ytimg.com/vi/F5kqThVON18/hqdefault.jpg?sqp=-oaymwEZCPYBEIoBSFXyq4qpAwsIARUAAIhCGAFwAQ==&rs=AOn4CLDVu5ldW7Ljia5R_1DzhyJ4QpAmLw,/watch?v=F5kqThVON18,Your Brain On Shrooms,      2:51    ,8.4M ,5 years ago,your brain on shrooms,None,True,1825,8400000,151,2.52
https://i.ytimg.com/vi/bIdjf11seK8/hqdefault.jpg?sqp=-oaymwEZCPYBEIoBSFXyq4qpAwsIARUAAIhCGAFwAQ==&rs=AOn4CLChKO2vuRnwlTdoyqoRQ8ectRdHhg,/watch?v=bIdjf11seK8,AsapSCIENCE Needs Your Help!,      2:03    ,454K ,5 years ago,asapscience needs your help!,None,True,1825,45400000,103,1.72
https://i.ytimg.com/vi/AskAQwOBvhc/hqdefault.jpg?sqp=-oaymwEZCPYBEIoBSFXyq4qpAwsIARUAAIhCGAFwAQ==&rs=AOn4CLDhYn8OsvjRZF_Xk1InkOrnpiCQAw,/watch?v=AskAQwOBvhc,What Colour Is This Dress? (SOLVED with SCIENCE),      2:06    ,28M ,5 years ago,what colour is this dress? (solved with science),None,True,1825,28000000,106,1.77
https://i.ytimg.com/vi/bV--EABqhiY/hqdefault.jpg?sqp=-oaymwEZCPYBEIoBSFXyq4qpAwsIARUAAIhCGAFwAQ==&rs=AOn4CLCAXs_vCrtr6GQgktBz0y2y79Bh0g,/watch?v=bV--EABqhiY,Can You Be Scared To Death?,      2:38    ,3.7M ,5 years ago,can you be scared to death?,None,True,1825,3700000,138,2.3
https://i.ytimg.com/vi/SZkGsgmpSNc/hqdefault.jpg?sqp=-oaymwEZCPYBEIoBSFXyq4qpAwsIARUAAIhCGAFwAQ==&rs=AOn4CLDVcNEbZRHLLDhwmMx73QqxEM0VtQ,/watch?v=SZkGsgmpSNc,Can Science Improve Your Sex Life?,      3:10    ,1.2M ,5 years ago,can science improve your sex life?,None,True,1825,1200000,160,2.67
https://i.ytimg.com/vi/bYXZP8eZKCw/hqdefault.jpg?sqp=-oaymwEZCPYBEIoBSFXyq4qpAwsIARUAAIhCGAFwAQ==&rs=AOn4CLBxsoIustIoCslbdQ2UGixHF1XAyQ,/watch?v=bYXZP8eZKCw,8 Sick Remedies That Actually Work - Scientifically!,      3:08    ,3.5M ,5 years ago,8 sick remedies that actually work - scientifically!,None,True,1825,3500000,158,2.63
https://i.ytimg.com/vi/guh7i7tHeZk/hqdefault.jpg?sqp=-oaymwEZCPYBEIoBSFXyq4qpAwsIARUAAIhCGAFwAQ==&rs=AOn4CLAnHozNC7BzglUV5XUx4jPLkx-Q1g,/watch?v=guh7i7tHeZk,What If Humans Disappeared?,      4:07    ,8.7M ,5 years ago,what if humans disappeared?,None,True,1825,8700000,207,3.45
https://i.ytimg.com/vi/Aw71zanwMnY/hqdefault.jpg?sqp=-oaymwEZCPYBEIoBSFXyq4qpAwsIARUAAIhCGAFwAQ==&rs=AOn4CLDaZjtswje61pOWSRk_3tOHGh0aaw,/watch?v=Aw71zanwMnY,The Scientific Power of Meditation,      3:00    ,3.8M ,5 years ago,the scientific power of meditation,None,True,1825,3800000,150,2.5
https://i.ytimg.com/vi/rr6lsTgZKAQ/hqdefault.jpg?sqp=-oaymwEZCPYBEIoBSFXyq4qpAwsIARUAAIhCGAFwAQ==&rs=AOn4CLAOYkDTy-UbNbBfoV4I7IN3EdFtQQ,/watch?v=rr6lsTgZKAQ,Nice Guys Finish First,      4:28    ,5.2M ,5 years ago,nice guys finish first,None,True,1825,5200000,228,3.8
https://i.ytimg.com/vi/uiKg6JfS658/hqdefault.jpg?sqp=-oaymwEZCPYBEIoBSFXyq4qpAwsIARUAAIhCGAFwAQ==&rs=AOn4CLCi7XVGSlcAihIdY2-nqnFaWIOm2g,/watch?v=uiKg6JfS658,Are You Sitting Too Much?,      3:02    ,3.3M ,5 years ago,are you sitting too much?,None,True,1825,3300000,152,2.53
https://i.ytimg.com/vi/jIAltUyFo5o/hqdefault.jpg?sqp=-oaymwEZCPYBEIoBSFXyq4qpAwsIARUAAIhCGAFwAQ==&rs=AOn4CLB1xdx-nWEbxmKUY4oXApo4wdcy8A,/watch?v=jIAltUyFo5o,You're Not What You Think You Are,      3:16    ,3.9M ,5 years ago,you're not what you think you are,None,True,1825,3900000,166,2.77
https://i.ytimg.com/vi/pocNl2YhZdM/hqdefault.jpg?sqp=-oaymwEZCPYBEIoBSFXyq4qpAwsIARUAAIhCGAFwAQ==&rs=AOn4CLCzps2eeJ4g16iS_Ph7L2mZsw2ZrQ,/watch?v=pocNl2YhZdM,The Science Love Song,      3:31    ,7M ,5 years ago,the science love song,None,True,1825,7000000,181,3.02
https://i.ytimg.com/vi/BPJ0729NVjw/hqdefault.jpg?sqp=-oaymwEZCPYBEIoBSFXyq4qpAwsIARUAAIhCGAFwAQ==&rs=AOn4CLDa4ad5JwJ-wEPgBSvgk5TMtibWqw,/watch?v=BPJ0729NVjw,Early Birds vs Night Owls,      3:08    ,6M ,5 years ago,early birds vs night owls,None,True,1825,6000000,158,2.63
https://i.ytimg.com/vi/BPC7e8W8u18/hqdefault.jpg?sqp=-oaymwEZCPYBEIoBSFXyq4qpAwsIARUAAIhCGAFwAQ==&rs=AOn4CLAYbph3wJG6tfZSiMH6k_9Gm1j2Qw,/watch?v=BPC7e8W8u18,Why Do We Like Our Own Farts?,      2:56    ,3.7M ,5 years ago,why do we like our own farts?,None,True,1825,3700000,156,2.6
https://i.ytimg.com/vi/Fw3x4wJMHiY/hqdefault.jpg?sqp=-oaymwEZCPYBEIoBSFXyq4qpAwsIARUAAIhCGAFwAQ==&rs=AOn4CLALcDp3T9u2YFTgFzXA7XHZWQWQwg,/watch?v=Fw3x4wJMHiY,We Made A Book! Even More SCIENCE!!,      1:23    ,321K ,5 years ago,we made a book! even more science!!,None,True,1825,32100000,73,1.22
https://i.ytimg.com/vi/89shevn24L8/hqdefault.jpg?sqp=-oaymwEZCPYBEIoBSFXyq4qpAwsIARUAAIhCGAFwAQ==&rs=AOn4CLDBshKgdoHVO6rEMiLmJBVwQakMrQ,/watch?v=89shevn24L8,Can You Erase Bad Memories?,      3:33    ,3.1M ,5 years ago,can you erase bad memories?,None,True,1825,3100000,183,3.05
https://i.ytimg.com/vi/jEAr7ThsYew/hqdefault.jpg?sqp=-oaymwEZCPYBEIoBSFXyq4qpAwsIARUAAIhCGAFwAQ==&rs=AOn4CLDVBLJUukgHk5F9F1eqkxdixejyhw,/watch?v=jEAr7ThsYew,Your Brain On MDMA,      2:38    ,8.4M ,5 years ago,your brain on mdma,None,True,1825,8400000,138,2.3
https://i.ytimg.com/vi/TnNixMosUIo/hqdefault.jpg?sqp=-oaymwEZCPYBEIoBSFXyq4qpAwsIARUAAIhCGAFwAQ==&rs=AOn4CLDGmZTSeh-tkKJPZrPonWisjIQvJQ,/watch?v=TnNixMosUIo,Amazing Energy Facts To Blow Your Mind,      3:34    ,2.1M ,5 years ago,amazing energy facts to blow your mind,None,True,1825,2100000,184,3.07
https://i.ytimg.com/vi/LNDE_LDWXW0/hqdefault.jpg?sqp=-oaymwEZCPYBEIoBSFXyq4qpAwsIARUAAIhCGAFwAQ==&rs=AOn4CLCPC1TLu_3O2LiNjpvQkUz3KLDKlQ,/watch?v=LNDE_LDWXW0,Do Periods Actually Make Women Moody? Ft. iiSuperwomanii,      5:34    ,8.6M ,5 years ago,do periods actually make women moody? ft. iisuperwomanii,None,True,1825,8600000,284,4.73
https://i.ytimg.com/vi/2g4fWaegoDk/hqdefault.jpg?sqp=-oaymwEZCPYBEIoBSFXyq4qpAwsIARUAAIhCGAFwAQ==&rs=AOn4CLBtUZV9gLs2HpfzGsMDKmSHT52vmQ,/watch?v=2g4fWaegoDk,Paper Towel vs Hand Dryers,      2:56    ,2.8M ,5 years ago,paper towel vs hand dryers,None,True,1825,2800000,156,2.6
https://i.ytimg.com/vi/HffWFd_6bJ0/hqdefault.jpg?sqp=-oaymwEZCPYBEIoBSFXyq4qpAwsIARUAAIhCGAFwAQ==&rs=AOn4CLCkq9A8IevKrAT0LUcfTpEHVrEu9A,/watch?v=HffWFd_6bJ0,5 Crazy Ways Social Media Is Changing Your Brain Right Now,      3:16    ,4.3M ,5 years ago,5 crazy ways social media is changing your brain right now,None,True,1825,4300000,166,2.77
https://i.ytimg.com/vi/4YOwEqGykDM/hqdefault.jpg?sqp=-oaymwEZCPYBEIoBSFXyq4qpAwsIARUAAIhCGAFwAQ==&rs=AOn4CLCGBkuzS33BAXWynJzFh53il9uGJQ,/watch?v=4YOwEqGykDM,Your Brain On Coffee,      3:15    ,5.7M ,5 years ago,your brain on coffee,None,True,1825,5700000,165,2.75
https://i.ytimg.com/vi/GOK1tKFFIQI/hqdefault.jpg?sqp=-oaymwEZCPYBEIoBSFXyq4qpAwsIARUAAIhCGAFwAQ==&rs=AOn4CLDDejvU7jGRj7w8S8oHQ-CZMDsSag,/watch?v=GOK1tKFFIQI,The Science of Depression,      3:46    ,7.7M ,5 years ago,the science of depression,None,True,1825,7700000,196,3.27
https://i.ytimg.com/vi/SVQlcxiQlzI/hqdefault.jpg?sqp=-oaymwEZCPYBEIoBSFXyq4qpAwsIARUAAIhCGAFwAQ==&rs=AOn4CLDIGwtWw_GB26p81y6w0qr_YQP4GQ,/watch?v=SVQlcxiQlzI,How Much Sleep Do You Actually Need?,      3:24    ,10M ,5 years ago,how much sleep do you actually need?,None,True,1825,10000000,174,2.9
https://i.ytimg.com/vi/BK3SXjJ5Zog/hqdefault.jpg?sqp=-oaymwEZCPYBEIoBSFXyq4qpAwsIARUAAIhCGAFwAQ==&rs=AOn4CLBlcTBREQmZa7LrDfDvJWLB3fw_lg,/watch?v=BK3SXjJ5Zog,Does Penis Size Matter?,      2:50    ,12M ,5 years ago,does penis size matter?,None,True,1825,12000000,150,2.5
https://i.ytimg.com/vi/DfgkAJmp9-A/hqdefault.jpg?sqp=-oaymwEZCPYBEIoBSFXyq4qpAwsIARUAAIhCGAFwAQ==&rs=AOn4CLCs1GPPD0zx50OzkQ9Xt8-FBKegoQ,/watch?v=DfgkAJmp9-A,7 Myths About The Brain You Thought Were True,      2:44    ,6.1M ,5 years ago,7 myths about the brain you thought were true,None,True,1825,6100000,144,2.4
https://i.ytimg.com/vi/iM8s1ch5TRw/hqdefault.jpg?sqp=-oaymwEZCPYBEIoBSFXyq4qpAwsIARUAAIhCGAFwAQ==&rs=AOn4CLAR7PIzxfZzpZmXIZw125c4WLsgrg,/watch?v=iM8s1ch5TRw,Should We All Be Eating Insects?,      3:05    ,1.7M ,5 years ago,should we all be eating insects?,None,True,1825,1700000,155,2.58
https://i.ytimg.com/vi/FFrbmYpvC4I/hqdefault.jpg?sqp=-oaymwEZCPYBEIoBSFXyq4qpAwsIARUAAIhCGAFwAQ==&rs=AOn4CLDWbEC0zLG7hxf0Z5aoY_GcUgvgjw,/watch?v=FFrbmYpvC4I,Should You Hover Or Cover The Toilet Seat?,      2:16    ,3.5M ,5 years ago,should you hover or cover the toilet seat?,None,True,1825,3500000,116,1.93
https://i.ytimg.com/vi/kzo45hWXRWU/hqdefault.jpg?sqp=-oaymwEZCPYBEIoBSFXyq4qpAwsIARUAAIhCGAFwAQ==&rs=AOn4CLAXLjI7NLv4QZ6gAOBLqc8qq5B5zA,/watch?v=kzo45hWXRWU,Can You Trust Your Ears? (Audio Illusions),      3:30    ,12M ,6 years ago,can you trust your ears? (audio illusions),None,True,2190,12000000,180,3.0
https://i.ytimg.com/vi/gd7wAithl7I/hqdefault.jpg?sqp=-oaymwEZCPYBEIoBSFXyq4qpAwsIARUAAIhCGAFwAQ==&rs=AOn4CLAJqgYoI8AnBMQzRR2Ym6jcISRH-g,/watch?v=gd7wAithl7I,The Science of Laziness,      2:38    ,7M ,6 years ago,the science of laziness,None,True,2190,7000000,138,2.3
https://i.ytimg.com/vi/DXjpb7SFi3s/hqdefault.jpg?sqp=-oaymwEZCPYBEIoBSFXyq4qpAwsIARUAAIhCGAFwAQ==&rs=AOn4CLCLVyFV3aqea2nBqgpWY0HNN4lFLQ,/watch?v=DXjpb7SFi3s,What The Heck Is Gluten?,      2:34    ,2.8M ,6 years ago,what the heck is gluten?,None,True,2190,2800000,134,2.23
https://i.ytimg.com/vi/2rALJido4iI/hqdefault.jpg?sqp=-oaymwEZCPYBEIoBSFXyq4qpAwsIARUAAIhCGAFwAQ==&rs=AOn4CLDSa6y8KzlLV_juH5mSJfI1YMwjgA,/watch?v=2rALJido4iI,Why Are Babies So Cute?,      2:09    ,1.9M ,6 years ago,why are babies so cute?,None,True,2190,1900000,109,1.82
https://i.ytimg.com/vi/vr5n_ZOZ6E8/hqdefault.jpg?sqp=-oaymwEZCPYBEIoBSFXyq4qpAwsIARUAAIhCGAFwAQ==&rs=AOn4CLAmuuuKQ8PlU29FjmwGL_S0cDnNbg,/watch?v=vr5n_ZOZ6E8,Can We Genetically Improve Intelligence?,      3:10    ,1.7M ,6 years ago,can we genetically improve intelligence?,None,True,2190,1700000,160,2.67
https://i.ytimg.com/vi/zCheAcpFkL8/hqdefault.jpg?sqp=-oaymwEZCPYBEIoBSFXyq4qpAwsIARUAAIhCGAFwAQ==&rs=AOn4CLDB87rahw3wLBiHAANyOLUIOZXbiw,/watch?v=zCheAcpFkL8,What If You Stopped Drinking Water?,      3:31    ,7.1M ,6 years ago,what if you stopped drinking water?,None,True,2190,7100000,181,3.02
https://i.ytimg.com/vi/AJXX4vF6Zh0/hqdefault.jpg?sqp=-oaymwEZCPYBEIoBSFXyq4qpAwsIARUAAIhCGAFwAQ==&rs=AOn4CLB4cJjM_m6RHrVS1PkBATdgw_NQnw,/watch?v=AJXX4vF6Zh0,The Yawn-O-Meter (How Long Can You Last?),      3:48    ,3M ,6 years ago,the yawn-o-meter (how long can you last?),None,True,2190,3000000,198,3.3
https://i.ytimg.com/vi/I0dQx4SNSwE/hqdefault.jpg?sqp=-oaymwEZCPYBEIoBSFXyq4qpAwsIARUAAIhCGAFwAQ==&rs=AOn4CLDsWb4y8_6HDaFn9TzVT1p536WNMg,/watch?v=I0dQx4SNSwE,Why Do We Yawn?,      2:31    ,4.1M ,6 years ago,why do we yawn?,None,True,2190,4099999,131,2.18
https://i.ytimg.com/vi/ImW73w64MlM/hqdefault.jpg?sqp=-oaymwEZCPYBEIoBSFXyq4qpAwsIARUAAIhCGAFwAQ==&rs=AOn4CLCmoUd87NMZrdQrLeuTZO7bQrRCOQ,/watch?v=ImW73w64MlM,Why Do People Obsess Over Sports?,      2:35    ,1.3M ,6 years ago,why do people obsess over sports?,None,True,2190,1300000,135,2.25
https://i.ytimg.com/vi/t1nwSuWr_q8/hqdefault.jpg?sqp=-oaymwEZCPYBEIoBSFXyq4qpAwsIARUAAIhCGAFwAQ==&rs=AOn4CLDS2tgjqt8acNduoHKkSLeBKoUyoA,/watch?v=t1nwSuWr_q8,Can You Drink Too Much Water?,      2:25    ,3.4M ,6 years ago,can you drink too much water?,None,True,2190,3400000,125,2.08
https://i.ytimg.com/vi/d0CRvOJqwzE/hqdefault.jpg?sqp=-oaymwEZCPYBEIoBSFXyq4qpAwsIARUAAIhCGAFwAQ==&rs=AOn4CLB32l0IiJ-vYoztt-D6pF2P8_mfvA,/watch?v=d0CRvOJqwzE,Does Sex Affect Athletic Performance?,      2:33    ,3M ,6 years ago,does sex affect athletic performance?,None,True,2190,3000000,133,2.22
https://i.ytimg.com/vi/XeEIoGMldyc/hqdefault.jpg?sqp=-oaymwEZCPYBEIoBSFXyq4qpAwsIARUAAIhCGAFwAQ==&rs=AOn4CLDTsxGeU62KuNwLhl1fgVRnrLRi7A,/watch?v=XeEIoGMldyc,Does Stretching/Warming Up Actually Help?,      2:21    ,2M ,6 years ago,does stretching/warming up actually help?,None,True,2190,2000000,121,2.02
https://i.ytimg.com/vi/2ZiRZrYo5tA/hqdefault.jpg?sqp=-oaymwEZCPYBEIoBSFXyq4qpAwsIARUAAIhCGAFwAQ==&rs=AOn4CLCtJ_w6sqg1tpk2HooRIQFZtVgnbQ,/watch?v=2ZiRZrYo5tA,Talent vs Training,      2:19    ,4.5M ,6 years ago,talent vs training,None,True,2190,4500000,119,1.98
https://i.ytimg.com/vi/hew3z2FIbME/hqdefault.jpg?sqp=-oaymwEZCPYBEIoBSFXyq4qpAwsIARUAAIhCGAFwAQ==&rs=AOn4CLDjvmJvjygc_JDzr9sAIRbraYuARA,/watch?v=hew3z2FIbME,Why Do We Get Nervous?,      2:29    ,2.8M ,6 years ago,why do we get nervous?,None,True,2190,2800000,129,2.15
https://i.ytimg.com/vi/ofbnpVbtqTc/hqdefault.jpg?sqp=-oaymwEZCPYBEIoBSFXyq4qpAwsIARUAAIhCGAFwAQ==&rs=AOn4CLBvrdiTHYnrN1gFcTd-TYKJSehWyw,/watch?v=ofbnpVbtqTc,Can Music Improve Athletic Performance?,      2:16    ,2M ,6 years ago,can music improve athletic performance?,None,True,2190,2000000,116,1.93
https://i.ytimg.com/vi/OXw9P6sCcF4/hqdefault.jpg?sqp=-oaymwEZCPYBEIoBSFXyq4qpAwsIARUAAIhCGAFwAQ==&rs=AOn4CLAtAkQMGxPlh3cgrG75mYKb56KCnQ,/watch?v=OXw9P6sCcF4,How Olympians Have Changed (1924-2014),      2:27    ,2.3M ,6 years ago,how olympians have changed (1924-2014),None,True,2190,2300000,127,2.12
https://i.ytimg.com/vi/fOyO6l75GU8/hqdefault.jpg?sqp=-oaymwEZCPYBEIoBSFXyq4qpAwsIARUAAIhCGAFwAQ==&rs=AOn4CLBp-BSqSPVEbG4TiLNssLvtNwJ87Q,/watch?v=fOyO6l75GU8,Amazing Olympic Facts,      3:10    ,1.6M ,6 years ago,amazing olympic facts,None,True,2190,1600000,160,2.67
https://i.ytimg.com/vi/OOsqkQytHOs/hqdefault.jpg?sqp=-oaymwEZCPYBEIoBSFXyq4qpAwsIARUAAIhCGAFwAQ==&rs=AOn4CLBozVFiPMR-LUU5QqAKbn9rHAeKUw,/watch?v=OOsqkQytHOs,Can Video Games Make You Smarter?,      4:14    ,6.6M ,6 years ago,can video games make you smarter?,None,True,2190,6600000,214,3.57
https://i.ytimg.com/vi/u2GWd2j3qJ8/hqdefault.jpg?sqp=-oaymwEZCPYBEIoBSFXyq4qpAwsIARUAAIhCGAFwAQ==&rs=AOn4CLAL52EHZd5T0xBNSAvDVHgkGJ1sdw,/watch?v=u2GWd2j3qJ8,Can Plants Think?,      3:45    ,3.7M ,6 years ago,can plants think?,None,True,2190,3700000,195,3.25
https://i.ytimg.com/vi/RWiOhlqEDz4/hqdefault.jpg?sqp=-oaymwEZCPYBEIoBSFXyq4qpAwsIARUAAIhCGAFwAQ==&rs=AOn4CLBEsnvzDm1IPhBMsL6JVpmL2OX4Kg,/watch?v=RWiOhlqEDz4,Does Being Cold Make You Sick?,      2:45    ,6.3M ,6 years ago,does being cold make you sick?,None,True,2190,6300000,145,2.42
https://i.ytimg.com/vi/qCj2oN4QD48/hqdefault.jpg?sqp=-oaymwEZCPYBEIoBSFXyq4qpAwsIARUAAIhCGAFwAQ==&rs=AOn4CLAmD8UTzoMuY0nvEu47UCLKsvelNA,/watch?v=qCj2oN4QD48,The YouTube Science Fireplace,      1:00:01    ,821K ,6 years ago,the youtube science fireplace,None,True,2190,82100000,2,0.03
https://i.ytimg.com/vi/-pziElSiJgc/hqdefault.jpg?sqp=-oaymwEZCPYBEIoBSFXyq4qpAwsIARUAAIhCGAFwAQ==&rs=AOn4CLAhI3dAHUgw057zlsSs8FNkgZajqw,/watch?v=-pziElSiJgc,Amazing Facts To Blow Your Mind Pt. 3,      2:19    ,6.1M ,6 years ago,amazing facts to blow your mind pt. 3,None,True,2190,6100000,119,1.98
https://i.ytimg.com/vi/QD2Rdeo8vuE/hqdefault.jpg?sqp=-oaymwEZCPYBEIoBSFXyq4qpAwsIARUAAIhCGAFwAQ==&rs=AOn4CLBvQoLHbKlgyNMQQLJ6d8HV0FI_vQ,/watch?v=QD2Rdeo8vuE,Will 3D Printing Change Everything?,      3:16    ,3M ,6 years ago,will 3d printing change everything?,None,True,2190,3000000,166,2.77
https://i.ytimg.com/vi/vxI7PTVRfhQ/hqdefault.jpg?sqp=-oaymwEZCPYBEIoBSFXyq4qpAwsIARUAAIhCGAFwAQ==&rs=AOn4CLC_zRgTlGj0nPG7_fEZtC783f_tpQ,/watch?v=vxI7PTVRfhQ,Your Brain on Crack Cocaine,      3:03    ,8.1M ,6 years ago,your brain on crack cocaine,None,True,2190,8100000,153,2.55
https://i.ytimg.com/vi/btV4K9JMVEQ/hqdefault.jpg?sqp=-oaymwEZCPYBEIoBSFXyq4qpAwsIARUAAIhCGAFwAQ==&rs=AOn4CLCqr-P6HUB3V9pPxsa8xgoFYoMtig,/watch?v=btV4K9JMVEQ,Are Silent Farts Worse?,      1:55    ,4.4M ,6 years ago,are silent farts worse?,None,True,2190,4400000,105,1.75
https://i.ytimg.com/vi/zjsOOT347cA/hqdefault.jpg?sqp=-oaymwEZCPYBEIoBSFXyq4qpAwsIARUAAIhCGAFwAQ==&rs=AOn4CLCZZLOrXwkY5MkDwVfPrllnwGiNXQ,/watch?v=zjsOOT347cA,Fresh vs Frozen Food,      2:08    ,5.2M ,6 years ago,fresh vs frozen food,None,True,2190,5200000,108,1.8
https://i.ytimg.com/vi/vzrjEP5MOT4/hqdefault.jpg?sqp=-oaymwEZCPYBEIoBSFXyq4qpAwsIARUAAIhCGAFwAQ==&rs=AOn4CLDI0X18yD2CKz8SVhjcD0etvtHmQw,/watch?v=vzrjEP5MOT4,Can Stress Actually Kill You?,      3:08    ,4.3M ,6 years ago,can stress actually kill you?,None,True,2190,4300000,158,2.63
https://i.ytimg.com/vi/ulK9XUd_hh8/hqdefault.jpg?sqp=-oaymwEZCPYBEIoBSFXyq4qpAwsIARUAAIhCGAFwAQ==&rs=AOn4CLDlsxe1d94Vdo4bbIb4Ros_PaKU7w,/watch?v=ulK9XUd_hh8,The Most Horrifying Parasites!,      3:01    ,2.3M ,6 years ago,the most horrifying parasites!,None,True,2190,2300000,151,2.52
https://i.ytimg.com/vi/YHin6lk4KqU/hqdefault.jpg?sqp=-oaymwEZCPYBEIoBSFXyq4qpAwsIARUAAIhCGAFwAQ==&rs=AOn4CLBPTT27z_79t-xA3pp3__JeobSmBA,/watch?v=YHin6lk4KqU,Can We Survive The Sun's Death?,      3:37    ,5.4M ,6 years ago,can we survive the sun's death?,None,True,2190,5400000,187,3.12
https://i.ytimg.com/vi/V43t_S7VGJA/hqdefault.jpg?sqp=-oaymwEZCPYBEIoBSFXyq4qpAwsIARUAAIhCGAFwAQ==&rs=AOn4CLBJK72LUX6My2mmH4uODjwZv5RnZw,/watch?v=V43t_S7VGJA,Could Your Brain Be Hacked?,      2:46    ,2.9M ,6 years ago,could your brain be hacked?,None,True,2190,2900000,146,2.43
https://i.ytimg.com/vi/nNhDkKAvxFk/hqdefault.jpg?sqp=-oaymwEZCPYBEIoBSFXyq4qpAwsIARUAAIhCGAFwAQ==&rs=AOn4CLBLeepEpACrKFcxxYBOUX0VKanf2w,/watch?v=nNhDkKAvxFk,What If You Stopped Sleeping?,      3:01    ,9.6M ,6 years ago,what if you stopped sleeping?,None,True,2190,9600000,151,2.52
https://i.ytimg.com/vi/lGglw8eAikY/hqdefault.jpg?sqp=-oaymwEZCPYBEIoBSFXyq4qpAwsIARUAAIhCGAFwAQ==&rs=AOn4CLAe9cNbFC8XuqCmSafstGVxsxx-rg,/watch?v=lGglw8eAikY,The Science of Heartbreak,      2:49    ,6.2M ,6 years ago,the science of heartbreak,None,True,2190,6200000,149,2.48
https://i.ytimg.com/vi/ZflIMBxyIak/hqdefault.jpg?sqp=-oaymwEZCPYBEIoBSFXyq4qpAwsIARUAAIhCGAFwAQ==&rs=AOn4CLCN4m9tvKrpTOntO0WNGfJEM7toSg,/watch?v=ZflIMBxyIak,Can You Trust Your Eyes?,      2:04    ,6.6M ,6 years ago,can you trust your eyes?,None,True,2190,6600000,104,1.73
,/watch?v=hmqguIFMC-Y,What If You Stopped Going Outside?,      3:05    ,7.3M ,6 years ago,what if you stopped going outside?,None,True,2190,7300000,155,2.58
,/watch?v=VxcbppCX6Rk,How Old Are Your Ears? (Hearing Test),      1:38    ,20M ,6 years ago,how old are your ears? (hearing test),None,True,2190,20000000,88,1.47
,/watch?v=KAbMjI71JqY,Behind The Scenes (The Science of AsapSCIENCE!),      10:01    ,925K ,6 years ago,behind the scenes (the science of asapscience!),None,True,2190,92500000,501,8.35
,/watch?v=hMIHFR_P7QY,The Poop Cycle,      3:13    ,4.8M ,6 years ago,the poop cycle,None,True,2190,4800000,163,2.72
,/watch?v=Agdvt9M3NJA,Could We Stop An Asteroid? Feat. Bill Nye,      7:08    ,7.7M ,6 years ago,could we stop an asteroid? feat. bill nye,None,True,2190,7700000,358,5.97
https://i.ytimg.com/vi/eml6f9g_Yhw/hqdefault.jpg?sqp=-oaymwEZCPYBEIoBSFXyq4qpAwsIARUAAIhCGAFwAQ==&rs=AOn4CLCATEAJiIh5QdJE8PEMSuzY8y93Yw,/watch?v=eml6f9g_Yhw,Weird Ways to Burn 200 Calories,      2:25    ,9.8M ,6 years ago,weird ways to burn 200 calories,None,True,2190,9800000,125,2.08
https://i.ytimg.com/vi/NXGaOrXNIo8/hqdefault.jpg?sqp=-oaymwEZCPYBEIoBSFXyq4qpAwsIARUAAIhCGAFwAQ==&rs=AOn4CLC9EGU_XAXPjFJhBoricWo7jf6spg,/watch?v=NXGaOrXNIo8,1 Year Old + Q&A + T-SHIRTS!,      1:26    ,439K ,6 years ago,1 year old + q&a + t-shirts!,None,True,2190,43900000,76,1.27
https://i.ytimg.com/vi/KMGUmcveQeg/hqdefault.jpg?sqp=-oaymwEZCPYBEIoBSFXyq4qpAwsIARUAAIhCGAFwAQ==&rs=AOn4CLA3Y6pE6Za1JnkpGNCJWL5w7I2uFw,/watch?v=KMGUmcveQeg,This Is 200 Calories,      3:09    ,19M ,6 years ago,this is 200 calories,None,True,2190,19000000,159,2.65
https://i.ytimg.com/vi/dChhzNGHgnA/hqdefault.jpg?sqp=-oaymwEZCPYBEIoBSFXyq4qpAwsIARUAAIhCGAFwAQ==&rs=AOn4CLBNes9DV0V9txpLVYOdPgv61PtBJw,/watch?v=dChhzNGHgnA,The Scientific Secret of Strength and Muscle Growth,      3:20    ,5.1M ,6 years ago,the scientific secret of strength and muscle growth,None,True,2190,5100000,170,2.83
https://i.ytimg.com/vi/wgxJhpLoFFU/hqdefault.jpg?sqp=-oaymwEZCPYBEIoBSFXyq4qpAwsIARUAAIhCGAFwAQ==&rs=AOn4CLC0ebOPE25NidnGkE-PfB1jABuXJQ,/watch?v=wgxJhpLoFFU,Could We Record Our Dreams?,      3:55    ,5.6M ,7 years ago,could we record our dreams?,None,True,2555,5600000,205,3.42
https://i.ytimg.com/vi/kqx0-ol5qeQ/hqdefault.jpg?sqp=-oaymwEZCPYBEIoBSFXyq4qpAwsIARUAAIhCGAFwAQ==&rs=AOn4CLAVBUPswwcWw5hqImJoCkhlu5Hfuw,/watch?v=kqx0-ol5qeQ,Will Dancing Get You Laid?,      3:36    ,2.4M ,7 years ago,will dancing get you laid?,None,True,2555,2400000,186,3.1
https://i.ytimg.com/vi/Naecv3h868c/hqdefault.jpg?sqp=-oaymwEZCPYBEIoBSFXyq4qpAwsIARUAAIhCGAFwAQ==&rs=AOn4CLCvUK0aOJZMlJ2jQFVdj9Fzf-snuQ,/watch?v=Naecv3h868c,What Is Multiple Sclerosis?,      2:43    ,1.2M ,7 years ago,what is multiple sclerosis?,None,True,2555,1200000,143,2.38
https://i.ytimg.com/vi/FJeuK1Pl2bQ/hqdefault.jpg?sqp=-oaymwEZCPYBEIoBSFXyq4qpAwsIARUAAIhCGAFwAQ==&rs=AOn4CLDooxvoQISAjGmnARB3mnmi6dhE_Q,/watch?v=FJeuK1Pl2bQ,Childbirth vs Getting Kicked in the Balls,      4:08    ,16M ,7 years ago,childbirth vs getting kicked in the balls,None,True,2555,16000000,208,3.47
https://i.ytimg.com/vi/QGdHJSIr1Z0/hqdefault.jpg?sqp=-oaymwEZCPYBEIoBSFXyq4qpAwsIARUAAIhCGAFwAQ==&rs=AOn4CLBxWf2ly9_jzEnhVBeroNAsIo6XCw,/watch?v=QGdHJSIr1Z0,Why Do We Cry?,      2:30    ,5.3M ,7 years ago,why do we cry?,None,True,2555,5300000,130,2.17
https://i.ytimg.com/vi/PoGXr6hUTD4/hqdefault.jpg?sqp=-oaymwEZCPYBEIoBSFXyq4qpAwsIARUAAIhCGAFwAQ==&rs=AOn4CLAsDD5GXUnmFhblY91ddd2MI1KOyg,/watch?v=PoGXr6hUTD4,The Science of Cats,      2:57    ,4.5M ,7 years ago,the science of cats,None,True,2555,4500000,157,2.62
https://i.ytimg.com/vi/-EA2eWZuYDs/hqdefault.jpg?sqp=-oaymwEZCPYBEIoBSFXyq4qpAwsIARUAAIhCGAFwAQ==&rs=AOn4CLA_U7bNHPSzDCAkny5OHG_HHvlwWg,/watch?v=-EA2eWZuYDs,The Science of Goosebumps and Music Chills,      1:56    ,1.8M ,7 years ago,the science of goosebumps and music chills,None,True,2555,1800000,106,1.77
https://i.ytimg.com/vi/P6zcSFA7ymo/hqdefault.jpg?sqp=-oaymwEZCPYBEIoBSFXyq4qpAwsIARUAAIhCGAFwAQ==&rs=AOn4CLBpbRXjr4q60U9MEOADFhy-AEmY4Q,/watch?v=P6zcSFA7ymo,Should You Use The SNOOZE Button?,      2:21    ,5.4M ,7 years ago,should you use the snooze button?,None,True,2555,5400000,121,2.02
https://i.ytimg.com/vi/N5plbx-i2Kw/hqdefault.jpg?sqp=-oaymwEZCPYBEIoBSFXyq4qpAwsIARUAAIhCGAFwAQ==&rs=AOn4CLAaRTZmVMVbToccPZ28EEl7n2VcDw,/watch?v=N5plbx-i2Kw,The Science of Hair Loss/Balding,      1:57    ,1.8M ,7 years ago,the science of hair loss/balding,None,True,2555,1800000,107,1.78
https://i.ytimg.com/vi/BkcXbx5rSzw/hqdefault.jpg?sqp=-oaymwEZCPYBEIoBSFXyq4qpAwsIARUAAIhCGAFwAQ==&rs=AOn4CLC_gqD-ObhKMbRLZeDJqmKzEB-vUA,/watch?v=BkcXbx5rSzw,The Science of Aging,      2:06    ,2.8M ,7 years ago,the science of aging,None,True,2555,2800000,106,1.77
https://i.ytimg.com/vi/KG_ybdk1VaE/hqdefault.jpg?sqp=-oaymwEZCPYBEIoBSFXyq4qpAwsIARUAAIhCGAFwAQ==&rs=AOn4CLCm8oXLrMPlMQXG8cH_X-lzERvxgA,/watch?v=KG_ybdk1VaE,Butter vs Margarine,      3:10    ,4.8M ,7 years ago,butter vs margarine,None,True,2555,4800000,160,2.67
https://i.ytimg.com/vi/1Ya67aLaaCc/hqdefault.jpg?sqp=-oaymwEZCPYBEIoBSFXyq4qpAwsIARUAAIhCGAFwAQ==&rs=AOn4CLDxcZEk9SE1h5vNfJnBqMHJyW9tOQ,/watch?v=1Ya67aLaaCc,The Science of Pornography Addiction (SFW),      3:07    ,8.7M ,7 years ago,the science of pornography addiction (sfw),None,True,2555,8700000,157,2.62
https://i.ytimg.com/vi/eDMwpVUhxAo/hqdefault.jpg?sqp=-oaymwEZCPYBEIoBSFXyq4qpAwsIARUAAIhCGAFwAQ==&rs=AOn4CLBF6ewv-Dh1AJ2Er1wGq_TK9VyaUg,/watch?v=eDMwpVUhxAo,The Science of Love,      2:54    ,5.5M ,7 years ago,the science of love,None,True,2555,5500000,154,2.57
https://i.ytimg.com/vi/JiTz2i4VHFw/hqdefault.jpg?sqp=-oaymwEZCPYBEIoBSFXyq4qpAwsIARUAAIhCGAFwAQ==&rs=AOn4CLC6cDa8S7uk840G4KSth-YXnbc3Bg,/watch?v=JiTz2i4VHFw,Brain Tricks - This Is How Your Brain Works,      4:41    ,14M ,7 years ago,brain tricks - this is how your brain works,None,True,2555,14000000,241,4.02
https://i.ytimg.com/vi/1a8pI65emDE/hqdefault.jpg?sqp=-oaymwEZCPYBEIoBSFXyq4qpAwsIARUAAIhCGAFwAQ==&rs=AOn4CLCG3yRO5kPZRqxQB2011SQp25qoVQ,/watch?v=1a8pI65emDE,Which Came First - The Chicken or the Egg?,      3:31    ,21M ,7 years ago,which came first - the chicken or the egg?,None,True,2555,21000000,181,3.02
https://i.ytimg.com/vi/-v-IMSKOtoE/hqdefault.jpg?sqp=-oaymwEZCPYBEIoBSFXyq4qpAwsIARUAAIhCGAFwAQ==&rs=AOn4CLDTWd3oMSX8AMU7LcbJsGF7WPPmAg,/watch?v=-v-IMSKOtoE,The Scientific Power of Thought,      2:50    ,3.9M ,7 years ago,the scientific power of thought,None,True,2555,3900000,150,2.5
https://i.ytimg.com/vi/z1Kdoja3hlk/hqdefault.jpg?sqp=-oaymwEZCPYBEIoBSFXyq4qpAwsIARUAAIhCGAFwAQ==&rs=AOn4CLB6YqaEez-oeknjPbhqLdqnEfDo2Q,/watch?v=z1Kdoja3hlk,We were all female,      1:50    ,5.9M ,7 years ago,we were all female,None,True,2555,5900000,100,1.67
https://i.ytimg.com/vi/cKZStlBECHo/hqdefault.jpg?sqp=-oaymwEZCPYBEIoBSFXyq4qpAwsIARUAAIhCGAFwAQ==&rs=AOn4CLD5VYe8Mfx4bjWLntHo1yrk2qu_6A,/watch?v=cKZStlBECHo,Amazing Facts to Blow Your Mind Pt. 2,      2:24    ,9.3M ,7 years ago,amazing facts to blow your mind pt. 2,None,True,2555,9300000,124,2.07
https://i.ytimg.com/vi/JSIkdWxotKw/hqdefault.jpg?sqp=-oaymwEZCPYBEIoBSFXyq4qpAwsIARUAAIhCGAFwAQ==&rs=AOn4CLAfcKe3jOACLaBp0K__ph9pC28-FQ,/watch?v=JSIkdWxotKw,Can Money Buy Happiness?,      2:50    ,3.1M ,7 years ago,can money buy happiness?,None,True,2555,3100000,150,2.5
https://i.ytimg.com/vi/lHfjvYzr-3g/hqdefault.jpg?sqp=-oaymwEZCPYBEIoBSFXyq4qpAwsIARUAAIhCGAFwAQ==&rs=AOn4CLBzeAoJOpw6k-SO5LjtM7ePSNCBzw,/watch?v=lHfjvYzr-3g,The Science of Productivity,      3:16    ,4.2M ,7 years ago,the science of productivity,None,True,2555,4200000,166,2.77
https://i.ytimg.com/vi/7Vozr9vHeMo/hqdefault.jpg?sqp=-oaymwEZCPYBEIoBSFXyq4qpAwsIARUAAIhCGAFwAQ==&rs=AOn4CLAmlMyb4NDpjeB45h6EQ8R116hEJQ,/watch?v=7Vozr9vHeMo,The Science of 'Plan B' - Emergency Contraception,      2:47    ,2.6M ,7 years ago,the science of 'plan b' - emergency contraception,None,True,2555,2600000,147,2.45
https://i.ytimg.com/vi/H2_6cqa2cP4/hqdefault.jpg?sqp=-oaymwEZCPYBEIoBSFXyq4qpAwsIARUAAIhCGAFwAQ==&rs=AOn4CLBX3H43muBR_26GUpl0VqOUM6ifLA,/watch?v=H2_6cqa2cP4,The Evolution of Life on Earth,      2:20    ,2.8M ,7 years ago,the evolution of life on earth,None,True,2555,2800000,120,2.0
https://i.ytimg.com/vi/vkpz7xFTWJo/hqdefault.jpg?sqp=-oaymwEZCPYBEIoBSFXyq4qpAwsIARUAAIhCGAFwAQ==&rs=AOn4CLCmOVXbX7yXmWVQO4j2Csu_CposSA,/watch?v=vkpz7xFTWJo,Your Brain on Drugs: Alcohol,      2:14    ,4.1M ,7 years ago,your brain on drugs: alcohol,None,True,2555,4099999,114,1.9
https://i.ytimg.com/vi/D1et5NgT6bQ/hqdefault.jpg?sqp=-oaymwEZCPYBEIoBSFXyq4qpAwsIARUAAIhCGAFwAQ==&rs=AOn4CLB3DqsVni6udmNltvYNq3izDTIKsw,/watch?v=D1et5NgT6bQ,The Science of 'Morning Wood',      2:05    ,5.8M ,7 years ago,the science of 'morning wood',None,True,2555,5800000,105,1.75
https://i.ytimg.com/vi/9vRUxbzJZ9Y/hqdefault.jpg?sqp=-oaymwEZCPYBEIoBSFXyq4qpAwsIARUAAIhCGAFwAQ==&rs=AOn4CLDEUS3HJNOlinhGxk1Wo1WRaj9eBA,/watch?v=9vRUxbzJZ9Y,The Monty Hall Problem - Explained,      2:48    ,1.9M ,7 years ago,the monty hall problem - explained,None,True,2555,1900000,148,2.47
https://i.ytimg.com/vi/Xa25r6XO394/hqdefault.jpg?sqp=-oaymwEZCPYBEIoBSFXyq4qpAwsIARUAAIhCGAFwAQ==&rs=AOn4CLAhdGNt3PTAaDYUk_AF8d4V7BgBBQ,/watch?v=Xa25r6XO394,Zombie Apocalypse Science,      2:18    ,5M ,7 years ago,zombie apocalypse science,None,True,2555,5000000,118,1.97
https://i.ytimg.com/vi/49RztN4Bqu0/hqdefault.jpg?sqp=-oaymwEZCPYBEIoBSFXyq4qpAwsIARUAAIhCGAFwAQ==&rs=AOn4CLBdKaUTGf5FxvpIxnrjDBLkt9g2nA,/watch?v=49RztN4Bqu0,The Moon Illusion,      2:04    ,2.4M ,7 years ago,the moon illusion,None,True,2555,2400000,104,1.73
https://i.ytimg.com/vi/-qDi7IbYGVY/hqdefault.jpg?sqp=-oaymwEZCPYBEIoBSFXyq4qpAwsIARUAAIhCGAFwAQ==&rs=AOn4CLBpHlgYfoq8gDTIKw8SzaixQxiGnw,/watch?v=-qDi7IbYGVY,Why Do We Blush?,      1:47    ,3.4M ,7 years ago,why do we blush?,None,True,2555,3400000,97,1.62
https://i.ytimg.com/vi/lYSX51xBkos/hqdefault.jpg?sqp=-oaymwEZCPYBEIoBSFXyq4qpAwsIARUAAIhCGAFwAQ==&rs=AOn4CLCqzbuzSwmbg1nZY33CdpIggsfXpg,/watch?v=lYSX51xBkos,The Science of Lucid Dreaming,      2:35    ,7.9M ,7 years ago,the science of lucid dreaming,None,True,2555,7900000,135,2.25
https://i.ytimg.com/vi/oeF6rFN9org/hqdefault.jpg?sqp=-oaymwEZCPYBEIoBSFXyq4qpAwsIARUAAIhCGAFwAQ==&rs=AOn4CLBDz8J9dyq9x3i6sQJbrvzhQG76Vw,/watch?v=oeF6rFN9org,Your Brain on Drugs: Marijuana,      2:27    ,12M ,7 years ago,your brain on drugs: marijuana,None,True,2555,12000000,127,2.12
https://i.ytimg.com/vi/0CP0VX9XFXU/hqdefault.jpg?sqp=-oaymwEZCPYBEIoBSFXyq4qpAwsIARUAAIhCGAFwAQ==&rs=AOn4CLDy3J4zs86rUtMvBo032do-tW1Alw,/watch?v=0CP0VX9XFXU,Motion Sickness - What is it?,      1:38    ,1.3M ,7 years ago,motion sickness - what is it?,None,True,2555,1300000,88,1.47
https://i.ytimg.com/vi/1nBwfZZvjKo/hqdefault.jpg?sqp=-oaymwEZCPYBEIoBSFXyq4qpAwsIARUAAIhCGAFwAQ==&rs=AOn4CLDFbAg5qC5MEEiuD89pCQNXT8Mmzw,/watch?v=1nBwfZZvjKo,The Science of Procrastination - And How To Manage It,      2:49    ,2.2M ,7 years ago,the science of procrastination - and how to manage it,None,True,2555,2200000,149,2.48
https://i.ytimg.com/vi/6Ni5HOdGtzM/hqdefault.jpg?sqp=-oaymwEZCPYBEIoBSFXyq4qpAwsIARUAAIhCGAFwAQ==&rs=AOn4CLDLZeSU4DSu_5EhaCWkpRt6PvtHIw,/watch?v=6Ni5HOdGtzM,Amazing Facts to Blow Your Mind Pt. 1,      2:09    ,9.3M ,7 years ago,amazing facts to blow your mind pt. 1,None,True,2555,9300000,109,1.82
https://i.ytimg.com/vi/hpc2NjUAtOY/hqdefault.jpg?sqp=-oaymwEZCPYBEIoBSFXyq4qpAwsIARUAAIhCGAFwAQ==&rs=AOn4CLAhGz2Ki-biZU2dGPiSWDlqk6FKLA,/watch?v=hpc2NjUAtOY,The Science of Orgasms,      2:45    ,9.4M ,7 years ago,the science of orgasms,None,True,2555,9400000,145,2.42
https://i.ytimg.com/vi/NMXNf_sCFAA/hqdefault.jpg?sqp=-oaymwEZCPYBEIoBSFXyq4qpAwsIARUAAIhCGAFwAQ==&rs=AOn4CLBjXkdY2pE3aTRJKDFIakr0OFIr7A,/watch?v=NMXNf_sCFAA,The Creation of Pearls,      1:23    ,1M ,7 years ago,the creation of pearls,None,True,2555,1000000,73,1.22
https://i.ytimg.com/vi/HA00ZctGz50/hqdefault.jpg?sqp=-oaymwEZCPYBEIoBSFXyq4qpAwsIARUAAIhCGAFwAQ==&rs=AOn4CLAtVVd9F1ZSC9cyqISClzP21HTp5w,/watch?v=HA00ZctGz50,Scientific Weight Loss Tips,      2:32    ,8M ,7 years ago,scientific weight loss tips,None,True,2555,8000000,132,2.2
https://i.ytimg.com/vi/BwqAelWSgHk/hqdefault.jpg?sqp=-oaymwEZCPYBEIoBSFXyq4qpAwsIARUAAIhCGAFwAQ==&rs=AOn4CLAUKRM6BX3AgdvmU3Tv-itFveMKIw,/watch?v=BwqAelWSgHk,The Science of Appetite - Beating Overeating,      1:50    ,1.9M ,7 years ago,the science of appetite - beating overeating,None,True,2555,1900000,100,1.67
https://i.ytimg.com/vi/SePL2w5f6dE/hqdefault.jpg?sqp=-oaymwEZCPYBEIoBSFXyq4qpAwsIARUAAIhCGAFwAQ==&rs=AOn4CLDj0MdpRYL9-WqePlmazk2H_bvCuQ,/watch?v=SePL2w5f6dE,The Scientific Power of Music,      1:57    ,2.3M ,7 years ago,the scientific power of music,None,True,2555,2300000,107,1.78
https://i.ytimg.com/vi/8x5APKnt9KY/hqdefault.jpg?sqp=-oaymwEZCPYBEIoBSFXyq4qpAwsIARUAAIhCGAFwAQ==&rs=AOn4CLBkQUbtTSITGj8kyMK-brHvo5db7Q,/watch?v=8x5APKnt9KY,How to be UnBEETable - Olympic Advantage #2,      1:50    ,421K ,7 years ago,how to be unbeetable - olympic advantage #2,None,True,2555,42100000,100,1.67
https://i.ytimg.com/vi/NJ_f9onTTQE/hqdefault.jpg?sqp=-oaymwEZCPYBEIoBSFXyq4qpAwsIARUAAIhCGAFwAQ==&rs=AOn4CLAtbuE0YZIYHd-Kq_YPUILUz5lI4g,/watch?v=NJ_f9onTTQE,The Scientific Power of Naps,      1:54    ,3M ,7 years ago,the scientific power of naps,None,True,2555,3000000,104,1.73
https://i.ytimg.com/vi/fuvY5YG5zA4/hqdefault.jpg?sqp=-oaymwEZCPYBEIoBSFXyq4qpAwsIARUAAIhCGAFwAQ==&rs=AOn4CLAu-ClcKMkJJ52nF1URs4u9cIktnw,/watch?v=fuvY5YG5zA4,The Secret to Rising Sea Levels - Thermal Expansion,      1:16    ,478K ,7 years ago,the secret to rising sea levels - thermal expansion,None,True,2555,47800000,66,1.1
https://i.ytimg.com/vi/o40wD7Nf9oY/hqdefault.jpg?sqp=-oaymwEZCPYBEIoBSFXyq4qpAwsIARUAAIhCGAFwAQ==&rs=AOn4CLCQ9lqSfIJ58M2R3fb3gDqcPzg9_g,/watch?v=o40wD7Nf9oY,The Science of Superheroes - SPIDER-MAN,      2:19    ,2.7M ,7 years ago,the science of superheroes - spider-man,None,True,2555,2700000,119,1.98
https://i.ytimg.com/vi/wmkO8oWyg8Y/hqdefault.jpg?sqp=-oaymwEZCPYBEIoBSFXyq4qpAwsIARUAAIhCGAFwAQ==&rs=AOn4CLBwmFf9tKM9hsrhT-voNsPj9aUBIg,/watch?v=wmkO8oWyg8Y,The Olympic Altitude Advantage,      2:20    ,586K ,7 years ago,the olympic altitude advantage,None,True,2555,58600000,120,2.0
https://i.ytimg.com/vi/Soo4f6e1zCs/hqdefault.jpg?sqp=-oaymwEZCPYBEIoBSFXyq4qpAwsIARUAAIhCGAFwAQ==&rs=AOn4CLCG3HLJ0gMk877gaq_P5b2DyfAsaQ,/watch?v=Soo4f6e1zCs,The Scientific Hangover Cure,      2:30    ,2.7M ,7 years ago,the scientific hangover cure,None,True,2555,2700000,130,2.17
https://i.ytimg.com/vi/mq1F4It-3RM/hqdefault.jpg?sqp=-oaymwEZCPYBEIoBSFXyq4qpAwsIARUAAIhCGAFwAQ==&rs=AOn4CLCyQ6PULmORh-X1m4R8xPN-i-SXDA,/watch?v=mq1F4It-3RM,What causes a Hangover?,      2:20    ,1.3M ,7 years ago,what causes a hangover?,None,True,2555,1300000,120,2.0
https://i.ytimg.com/vi/7_5MnsdQeQs/hqdefault.jpg?sqp=-oaymwEZCPYBEIoBSFXyq4qpAwsIARUAAIhCGAFwAQ==&rs=AOn4CLBTvN4Br7PfxZbghfwMi3CZtYYdug,/watch?v=7_5MnsdQeQs,How Prostate Cancer Works,      3:43    ,602K ,7 years ago,how prostate cancer works,None,True,2555,60200000,193,3.22
https://i.ytimg.com/vi/S98EZosvRqg/hqdefault.jpg?sqp=-oaymwEZCPYBEIoBSFXyq4qpAwsIARUAAIhCGAFwAQ==&rs=AOn4CLCaGs-IzrZg_OGZRAss5mrblkMxXg,/watch?v=S98EZosvRqg,Why do coffee and alcohol make you PEE more?,      1:53    ,1M ,7 years ago,why do coffee and alcohol make you pee more?,None,True,2555,1000000,103,1.72
https://i.ytimg.com/vi/5kK-cIHnVg4/hqdefault.jpg?sqp=-oaymwEZCPYBEIoBSFXyq4qpAwsIARUAAIhCGAFwAQ==&rs=AOn4CLB1dOumh1sRKe2GK-8z0m57GkeJ2w,/watch?v=5kK-cIHnVg4,How to SEE or HEAR the Big Bang,      2:02    ,1M ,8 years ago,how to see or hear the big bang,None,True,2920,1000000,102,1.7
